Time Stamp,ID,Extended,Dir,Bus,LEN,D1,D2,D3,D4,D5,D6,D7,D8
213433037,0000019C,false,Rx,1,8,06,A0,26,A0,7F,FE,04,7F,
213443299,0000019C,false,Rx,1,8,06,A0,26,A0,7F,FF,05,7F,
213453224,0000019C,false,Rx,1,8,06,A0,26,A0,7F,FE,06,7F,
213473190,0000019C,false,Rx,1,8,06,A0,26,A0,7F,FE,08,7F,
213482959,0000019C,false,Rx,1,8,06,A0,26,A0,7F,FE,09,7F,
213493420,0000019C,false,Rx,1,8,06,A0,26,A0,7F,FE,0A,7F,
213543088,0000019C,false,Rx,1,8,06,A0,26,A0,7F,FF,0F,7F,
213553229,0000019C,false,Rx,1,8,06,A0,26,A0,7F,FE,00,7F,
213573032,0000019C,false,Rx,1,8,06,A0,26,9F,7F,FF,02,7F,
213582942,0000019C,false,Rx,1,8,06,A0,26,9F,7F,FE,03,7F,
213603040,0000019C,false,Rx,1,8,06,A0,26,A0,7F,FE,05,7F,
213623182,0000019C,false,Rx,1,8,06,A0,26,A0,7F,FE,07,7F,
213643060,0000019C,false,Rx,1,8,06,A0,26,9F,7F,FF,09,7F,
213653238,0000019C,false,Rx,1,8,06,A0,26,9F,7F,FF,0A,7F,
213673068,0000019C,false,Rx,1,8,06,A0,26,9F,7F,FF,0C,7F,
213682931,0000019C,false,Rx,1,8,06,A0,26,A0,7F,FE,0D,7F,
213722957,0000019C,false,Rx,1,8,06,A0,26,9F,7F,FF,01,7F,
213743298,0000019C,false,Rx,1,8,06,A0,26,9F,7F,FF,03,7F,
213753262,0000019C,false,Rx,1,8,06,A0,26,9F,7F,FE,04,7F,
213762947,0000019C,false,Rx,1,8,06,A0,26,A0,7F,FE,05,7F,
213782950,0000019C,false,Rx,1,8,06,A0,26,A0,7F,FF,07,7F,
213793430,0000019C,false,Rx,1,8,06,A0,26,A0,7F,FF,08,7F,
213843120,0000019C,false,Rx,1,8,06,A0,26,A0,7F,FE,0D,7F,
213853224,0000019C,false,Rx,1,8,06,A0,26,9F,7F,FE,0E,7F,
213873058,0000019C,false,Rx,1,8,06,A0,26,A0,7F,FF,00,7F,
213882993,0000019C,false,Rx,1,8,06,A0,26,9F,7F,FF,01,7F,
213943320,0000019C,false,Rx,1,8,06,A0,26,9F,7F,FF,07,7F,
213953274,0000019C,false,Rx,1,8,06,A0,26,9F,7F,FE,08,7F,
213973043,0000019C,false,Rx,1,8,06,A0,26,9F,7F,FF,0A,7F,
213982933,0000019C,false,Rx,1,8,06,A0,26,9F,7F,FE,0B,7F,
214013094,0000019C,false,Rx,1,8,06,A0,26,9F,7F,FE,0E,7F,
214023182,0000019C,false,Rx,1,8,06,A0,26,9F,7F,FE,0F,7F,
214043126,0000019C,false,Rx,1,8,06,A0,26,9F,7F,FF,01,7F,
214053222,0000019C,false,Rx,1,8,06,A0,26,9F,7F,FF,02,7F,
214073068,0000019C,false,Rx,1,8,06,A0,26,9F,7F,FE,04,7F,
214083167,0000019C,false,Rx,1,8,06,A0,26,A0,7F,FE,05,7F,
214093430,0000019C,false,Rx,1,8,06,A0,26,A0,7F,FE,06,7F,
214103092,0000019C,false,Rx,1,8,06,A0,26,A0,7F,FF,07,7F,
214123179,0000019C,false,Rx,1,8,06,A0,26,A0,7F,FE,09,7F,
214133080,0000019C,false,Rx,1,8,06,A0,26,A0,7F,FE,0A,7F,
214143362,0000019C,false,Rx,1,8,06,A0,26,A0,7F,FF,0B,7F,
214183175,0000019C,false,Rx,1,8,06,A0,26,9F,7F,FE,0F,7F,
214243119,0000019C,false,Rx,1,8,06,A0,26,9F,7F,FF,05,7F,
214253443,0000019C,false,Rx,1,8,06,A0,26,9F,7F,FE,06,7F,
214282961,0000019C,false,Rx,1,8,06,A0,26,9F,7F,FF,09,7F,
214293427,0000019C,false,Rx,1,8,06,A0,26,9F,7F,FE,0A,7F,
214333093,0000019C,false,Rx,1,8,06,A0,26,9F,7F,FF,0E,7F,
214343355,0000019C,false,Rx,1,8,06,A0,26,9F,7F,FF,0F,7F,
214363203,0000019C,false,Rx,1,8,06,A0,26,9F,7F,FF,01,7F,
214373224,0000019C,false,Rx,1,8,06,A0,26,9F,7F,FE,02,7F,
214383166,0000019C,false,Rx,1,8,06,A0,26,9F,7F,FE,03,7F,
214393431,0000019C,false,Rx,1,8,06,A0,26,9F,7F,FF,04,7F,
214403051,0000019C,false,Rx,1,8,06,A0,26,9F,7F,FE,05,7F,
214443113,0000019C,false,Rx,1,8,06,A0,26,A0,7F,FE,09,7F,
214453217,0000019C,false,Rx,1,8,06,A0,26,A0,7F,FF,0A,7F,
214482956,0000019C,false,Rx,1,8,06,A0,26,9F,7F,FF,0D,7F,
214493429,0000019C,false,Rx,1,8,06,A0,26,A0,7F,FE,0E,7F,
214533101,0000019C,false,Rx,1,8,06,A0,26,9F,7F,FE,02,7F,
214543130,0000019C,false,Rx,1,8,06,A0,26,9F,7F,FE,03,7F,
214582954,0000019C,false,Rx,1,8,06,A0,26,9F,7F,FF,07,7F,
214603039,0000019C,false,Rx,1,8,06,A0,26,9F,7F,FF,09,7F,
214623196,0000019C,false,Rx,1,8,06,A0,26,9F,7F,FE,0B,7F,
214643353,0000019C,false,Rx,1,8,06,A0,26,9F,7F,FE,0D,7F,
214653240,0000019C,false,Rx,1,8,06,A0,26,9F,7F,FF,0E,7F,
214682965,0000019C,false,Rx,1,8,06,A0,26,9F,7F,FE,01,7F,
214723204,0000019C,false,Rx,1,8,06,A0,26,9F,7F,FF,05,7F,
214743212,0000019C,false,Rx,1,8,06,A0,26,9F,7F,FE,07,7F,
214753260,0000019C,false,Rx,1,8,06,A0,26,9F,7F,FF,08,7F,
214782953,0000019C,false,Rx,1,8,06,A0,26,9F,7F,FF,0B,7F,
214793449,0000019C,false,Rx,1,8,06,A0,26,9F,7F,FF,0C,7F,
214823213,0000019C,false,Rx,1,8,06,A0,26,9F,7F,FE,0F,7F,
214833146,0000019C,false,Rx,1,8,06,A0,26,9F,7F,FE,00,7F,
214843192,0000019C,false,Rx,1,8,06,A0,26,A0,7F,FF,01,7F,
214882953,0000019C,false,Rx,1,8,06,A0,26,9F,7F,FE,05,7F,
214903065,0000019C,false,Rx,1,8,06,A0,26,9F,7F,FF,07,7F,
214933161,0000019C,false,Rx,1,8,06,A0,26,9F,7F,FF,0A,7F,
214943420,0000019C,false,Rx,1,8,06,A0,26,9F,7F,FF,0B,7F,
214963198,0000019C,false,Rx,1,8,06,A0,26,9F,7F,FE,0D,7F,
214973136,0000019C,false,Rx,1,8,06,A0,26,9F,7F,FF,0E,7F,
214983204,0000019C,false,Rx,1,8,06,A0,26,9F,7F,FE,0F,7F,
215003120,0000019C,false,Rx,1,8,06,A0,26,9F,7F,FE,01,7F,
215023188,0000019C,false,Rx,1,8,06,A0,26,9F,7F,FF,03,7F,
215043415,0000019C,false,Rx,1,8,06,A0,26,9F,7F,FE,05,7F,
215053234,0000019C,false,Rx,1,8,06,A0,26,A0,7F,FF,06,7F,
215083201,0000019C,false,Rx,1,8,06,A0,26,A0,7F,FE,09,7F,
215103065,0000019C,false,Rx,1,8,06,A0,26,9F,7F,FF,0B,7F,
215143415,0000019C,false,Rx,1,8,06,A0,26,9F,7F,FE,0F,7F,
215173127,0000019C,false,Rx,1,8,06,A0,26,A0,7F,FF,02,7F,
215183195,0000019C,false,Rx,1,8,06,A0,26,A0,7F,FF,03,7F,
215193431,0000019C,false,Rx,1,8,06,A0,26,9F,7F,FE,04,7F,
215203131,0000019C,false,Rx,1,8,06,A0,26,9F,7F,FF,05,7F,
215223188,0000019C,false,Rx,1,8,06,A0,26,9F,7F,FE,07,7F,
215231707,0000019C,false,Rx,1,8,06,A0,26,A0,7F,FF,08,7F,
215243406,0000019C,false,Rx,1,8,06,A0,26,9F,7F,FF,09,7F,
215253478,0000019C,false,Rx,1,8,06,A0,26,A0,7F,FE,0A,7F,
215263198,0000019C,false,Rx,1,8,06,A0,26,9F,7F,FE,0B,7F,
215283203,0000019C,false,Rx,1,8,06,A0,26,A0,7F,FF,0D,7F,
215293432,0000019C,false,Rx,1,8,06,A0,26,A0,7F,FE,0E,7F,
215343181,0000019C,false,Rx,1,8,06,A0,26,A0,7F,FE,03,7F,
215353486,0000019C,false,Rx,1,8,06,A0,26,9F,7F,FF,04,7F,
215373137,0000019C,false,Rx,1,8,06,A0,26,A0,7F,FE,06,7F,
215383197,0000019C,false,Rx,1,8,06,A0,26,9F,7F,FF,07,7F,
215403147,0000019C,false,Rx,1,8,06,A0,26,9F,7F,FF,09,7F,
215443193,0000019C,false,Rx,1,8,06,A0,26,9F,7F,FE,0D,7F,
215473203,0000019C,false,Rx,1,8,06,A0,26,A0,7F,FF,00,7F,
215483210,0000019C,false,Rx,1,8,06,A0,26,A0,7F,FE,01,7F,
215493448,0000019C,false,Rx,1,8,06,A0,26,A0,7F,FF,02,7F,
215513142,0000019C,false,Rx,1,8,06,A0,26,9F,7F,FE,04,7F,
215543409,0000019C,false,Rx,1,8,06,A0,26,9F,7F,FF,07,7F,
215553486,0000019C,false,Rx,1,8,06,A0,26,9F,7F,FE,08,7F,
215573170,0000019C,false,Rx,1,8,06,A0,26,9F,7F,FE,0A,7F,
215583199,0000019C,false,Rx,1,8,06,A0,26,9F,7F,FF,0B,7F,
215593441,0000019C,false,Rx,1,8,06,A0,26,9F,7F,FF,0C,7F,
215613081,0000019C,false,Rx,1,8,06,A0,26,9F,7F,FF,0E,7F,
215643365,0000019C,false,Rx,1,8,06,A0,26,9F,7F,FF,01,7F,
215683197,0000019C,false,Rx,1,8,06,A0,26,A0,7F,FE,05,7F,
215703109,0000019C,false,Rx,1,8,06,A0,26,A0,7F,FF,07,7F,
215723206,0000019C,false,Rx,1,8,06,A0,26,9F,7F,FE,09,7F,
215743449,0000019C,false,Rx,1,8,06,A0,26,9F,7F,FE,0B,7F,
215763204,0000019C,false,Rx,1,8,06,A0,26,9F,7F,FF,0D,7F,
215773165,0000019C,false,Rx,1,8,06,A0,26,9F,7F,FF,0E,7F,
215783207,0000019C,false,Rx,1,8,06,A0,26,9F,7F,FE,0F,7F,
215803073,0000019C,false,Rx,1,8,06,A0,26,9F,7F,FE,01,7F,
215823190,0000019C,false,Rx,1,8,06,A0,26,9F,7F,FE,03,7F,
215843451,0000019C,false,Rx,1,8,06,A0,26,9F,7F,FF,05,7F,
215853478,0000019C,false,Rx,1,8,06,A0,26,9F,7F,FF,06,7F,
215863186,0000019C,false,Rx,1,8,06,A0,26,9F,7F,FF,07,7F,
215873199,0000019C,false,Rx,1,8,06,A0,26,9F,7F,FF,08,7F,
215883198,0000019C,false,Rx,1,8,06,A0,26,9F,7F,FF,09,7F,
215923196,0000019C,false,Rx,1,8,06,A0,26,9F,7F,FE,0D,7F,
215943477,0000019C,false,Rx,1,8,06,A0,26,9F,7F,FF,0F,7F,
215973185,0000019C,false,Rx,1,8,06,A0,26,A0,7F,FE,02,7F,
215983202,0000019C,false,Rx,1,8,06,A0,26,A0,7F,FF,03,7F,
216043234,0000019C,false,Rx,1,8,06,A0,26,9F,7F,FE,09,7F,
216083210,0000019C,false,Rx,1,8,06,A0,26,A0,7F,FE,0D,7F,
216103195,0000019C,false,Rx,1,8,06,A0,26,9F,7F,FF,0F,7F,
216113191,0000019C,false,Rx,1,8,06,A0,26,A0,7F,FE,00,7F,
216133187,0000019C,false,Rx,1,8,06,A0,26,9F,7F,FF,02,7F,
216143441,0000019C,false,Rx,1,8,06,A0,26,9F,7F,FE,03,7F,
216173189,0000019C,false,Rx,1,8,06,A0,26,9F,7F,FF,06,7F,
216183191,0000019C,false,Rx,1,8,06,A0,26,A0,7F,FE,07,7F,
216213183,0000019C,false,Rx,1,8,06,A0,26,9F,7F,FE,0A,7F,
216231753,0000019C,false,Rx,1,8,06,A0,26,9F,7F,FF,0C,7F,
216243225,0000019C,false,Rx,1,8,06,A0,26,9F,7F,FF,0D,7F,
216253477,0000019C,false,Rx,1,8,06,A0,26,9F,7F,FF,0E,7F,
216273204,0000019C,false,Rx,1,8,06,A0,26,9F,7F,FE,00,7F,
216283210,0000019C,false,Rx,1,8,06,A0,26,9F,7F,FE,01,7F,
216293447,0000019C,false,Rx,1,8,06,A0,26,9F,7F,FE,02,7F,
216343474,0000019C,false,Rx,1,8,06,A0,26,9F,7F,FF,07,7F,
216363218,0000019C,false,Rx,1,8,06,A0,26,9F,7F,FF,09,7F,
216373188,0000019C,false,Rx,1,8,06,A0,26,9F,7F,FE,0A,7F,
216383204,0000019C,false,Rx,1,8,06,A0,26,9F,7F,FF,0B,7F,
216413187,0000019C,false,Rx,1,8,06,A0,26,9F,7F,FE,0E,7F,
216431774,0000019C,false,Rx,1,8,06,A0,26,9F,7F,FF,00,7F,
216443476,0000019C,false,Rx,1,8,06,A0,26,9F,7F,FF,01,7F,
216453485,0000019C,false,Rx,1,8,06,A0,26,9F,7F,FE,02,7F,
216473206,0000019C,false,Rx,1,8,06,A0,26,9F,7F,FF,04,7F,
216483202,0000019C,false,Rx,1,8,06,A0,26,9F,7F,FE,05,7F,
216523203,0000019C,false,Rx,1,8,06,A0,26,9F,7F,FF,09,7F,
216543477,0000019C,false,Rx,1,8,06,A0,26,A0,7F,FF,0B,7F,
216553480,0000019C,false,Rx,1,8,06,A0,26,9F,7F,FE,0C,7F,
216583223,0000019C,false,Rx,1,8,06,A0,26,9F,7F,FF,0F,7F,
216603169,0000019C,false,Rx,1,8,06,A0,26,9F,7F,FF,01,7F,
216643468,0000019C,false,Rx,1,8,06,A0,26,9F,7F,FF,05,7F,
216663194,0000019C,false,Rx,1,8,06,A0,26,9F,7F,FF,07,7F,
216683218,0000019C,false,Rx,1,8,06,A0,26,9F,7F,FF,09,7F,
216693453,0000019C,false,Rx,1,8,06,A0,26,A0,7F,FE,0A,7F,
216713229,0000019C,false,Rx,1,8,06,A0,26,9F,7F,FE,0C,7F,
216743525,0000019C,false,Rx,1,8,06,A0,26,A0,7F,FF,0F,7F,
216763210,0000019C,false,Rx,1,8,06,A0,26,A0,7F,FF,01,7F,
216783205,0000019C,false,Rx,1,8,06,A0,26,9F,7F,FF,03,7F,
216793553,0000019C,false,Rx,1,8,06,A0,26,9F,7F,FE,04,7F,
216823227,0000019C,false,Rx,1,8,06,A0,26,9F,7F,FE,07,7F,
216843396,0000019C,false,Rx,1,8,06,A0,26,9F,7F,FF,09,7F,
216883046,0000019C,false,Rx,1,8,06,A0,26,9F,7F,FE,0D,7F,
216893645,0000019C,false,Rx,1,8,06,A0,26,9F,7F,FF,0E,7F,
216913435,0000019C,false,Rx,1,8,06,A0,26,9F,7F,FE,00,7F,
216933430,0000019C,false,Rx,1,8,06,A0,26,9F,7F,FE,02,7F,
216943450,0000019C,false,Rx,1,8,06,A0,26,9F,7F,FF,03,7F,
216973442,0000019C,false,Rx,1,8,06,A0,26,9F,7F,FF,06,7F,
216983141,0000019C,false,Rx,1,8,06,A0,26,9F,7F,FF,07,7F,
216993688,0000019C,false,Rx,1,8,06,A0,26,9F,7F,FF,08,7F,
217043443,0000019C,false,Rx,1,8,06,A0,26,9F,7F,FF,0D,7F,
217083208,0000019C,false,Rx,1,8,06,A0,26,9F,7F,FE,01,7F,
217103305,0000019C,false,Rx,1,8,06,A0,26,9F,7F,FF,03,7F,
217123208,0000019C,false,Rx,1,8,06,A0,26,A0,7F,FE,05,7F,
217143460,0000019C,false,Rx,1,8,06,A0,26,9F,7F,FF,07,7F,
217173445,0000019C,false,Rx,1,8,06,A0,26,9F,7F,FE,0A,7F,
217183205,0000019C,false,Rx,1,8,06,A0,26,9F,7F,FF,0B,7F,
217243487,0000019C,false,Rx,1,8,06,A0,26,9F,7F,FF,01,7F,
217263192,0000019C,false,Rx,1,8,06,A0,26,9F,7F,FF,03,7F,
217273448,0000019C,false,Rx,1,8,06,A0,26,9F,7F,FE,04,7F,
217283212,0000019C,false,Rx,1,8,06,A0,26,9F,7F,FF,05,7F,
217293680,0000019C,false,Rx,1,8,06,A0,26,9F,7F,FE,06,7F,
217313438,0000019C,false,Rx,1,8,06,A0,26,9F,7F,FF,08,7F,
217323205,0000019C,false,Rx,1,8,06,A0,26,9F,7F,FE,09,7F,
217343430,0000019C,false,Rx,1,8,06,A0,26,9F,7F,FE,0B,7F,
217353486,0000019C,false,Rx,1,8,06,A0,26,9F,7F,FF,0C,7F,
217383222,0000019C,false,Rx,1,8,06,A0,26,9F,7F,FF,0F,7F,
217403307,0000019C,false,Rx,1,8,06,A0,26,9F,7F,FE,01,7F,
217413435,0000019C,false,Rx,1,8,06,A0,26,9F,7F,FE,02,7F,
217443479,0000019C,false,Rx,1,8,06,A0,26,9F,7F,FF,05,7F,
217453477,0000019C,false,Rx,1,8,06,A0,26,9F,7F,FF,06,7F,
217463204,0000019C,false,Rx,1,8,06,A0,26,9F,7F,FE,07,7F,
217483212,0000019C,false,Rx,1,8,06,A0,26,9F,7F,FE,09,7F,
217503290,0000019C,false,Rx,1,8,06,A0,26,9F,7F,FF,0B,7F,
217513429,0000019C,false,Rx,1,8,06,A0,26,9F,7F,FF,0C,7F,
217533433,0000019C,false,Rx,1,8,06,A0,26,9F,7F,FF,0E,7F,
217543472,0000019C,false,Rx,1,8,06,A0,26,9F,7F,FE,0F,7F,
217563220,0000019C,false,Rx,1,8,06,A0,26,9F,7F,FE,01,7F,
217583193,0000019C,false,Rx,1,8,06,A0,26,9F,7F,FE,03,7F,
217593690,0000019C,false,Rx,1,8,06,A0,26,9F,7F,FE,04,7F,
217623202,0000019C,false,Rx,1,8,06,A0,26,9F,7F,FE,07,7F,
217633674,0000019C,false,Rx,1,8,06,A0,26,9F,7F,FF,08,7F,
217643445,0000019C,false,Rx,1,8,06,A0,26,9F,7F,FF,09,7F,
217663211,0000019C,false,Rx,1,8,06,A0,26,9F,7F,FE,0B,7F,
217673436,0000019C,false,Rx,1,8,06,A0,26,9F,7F,FE,0C,7F,
217683206,0000019C,false,Rx,1,8,06,A0,26,A0,7F,FF,0D,7F,
217743469,0000019C,false,Rx,1,8,06,A0,26,9F,7F,FE,03,7F,
217763469,0000019C,false,Rx,1,8,06,A0,26,A0,7F,FF,05,7F,
217783437,0000019C,false,Rx,1,8,06,A0,26,A0,7F,FE,07,7F,
217813429,0000019C,false,Rx,1,8,06,A0,26,9F,7F,FF,0A,7F,
217833431,0000019C,false,Rx,1,8,06,A0,26,A0,7F,FE,0C,7F,
217843467,0000019C,false,Rx,1,8,06,A0,26,A0,7F,FF,0D,7F,
217853732,0000019C,false,Rx,1,8,06,A0,26,A0,7F,FF,0E,7F,
217883461,0000019C,false,Rx,1,8,06,A0,26,A0,7F,FF,01,7F,
217913433,0000019C,false,Rx,1,8,06,A0,26,9F,7F,FF,04,7F,
217943685,0000019C,false,Rx,1,8,06,A0,26,9F,7F,FE,07,7F,
217983449,0000019C,false,Rx,1,8,06,A0,26,9F,7F,FE,0B,7F,
218033446,0000019C,false,Rx,1,8,06,A0,26,9F,7F,FF,00,7F,
218043742,0000019C,false,Rx,1,8,06,A0,26,9F,7F,FF,01,7F,
218083462,0000019C,false,Rx,1,8,06,A0,26,A0,7F,FE,05,7F,
218143711,0000019C,false,Rx,1,8,06,A0,26,9F,7F,FE,0B,7F,
218153983,0000019C,false,Rx,1,8,06,A0,26,9F,7F,FF,0C,7F,
218163448,0000019C,false,Rx,1,8,06,A0,26,9F,7F,FF,0D,7F,
218183461,0000019C,false,Rx,1,8,06,A0,26,9F,7F,FE,0F,7F,
218203532,0000019C,false,Rx,1,8,06,A0,26,9F,7F,FE,01,7F,
218231003,0000019C,false,Rx,1,8,06,A0,26,9F,7F,FF,04,7F,
218243683,0000019C,false,Rx,1,8,06,A0,26,9F,7F,FE,05,7F,
218273445,0000019C,false,Rx,1,8,06,A0,26,9F,7F,FE,08,7F,
218283455,0000019C,false,Rx,1,8,06,A0,26,9F,7F,FE,09,7F,
218293686,0000019C,false,Rx,1,8,06,A0,26,9F,7F,FF,0A,7F,
218313425,0000019C,false,Rx,1,8,06,A0,26,A0,7F,FE,0C,7F,
218333679,0000019C,false,Rx,1,8,06,A0,26,9F,7F,FE,0E,7F,
218343716,0000019C,false,Rx,1,8,06,A0,26,A0,7F,FE,0F,7F,
218383440,0000019C,false,Rx,1,8,06,A0,26,9F,7F,FE,03,7F,
218393696,0000019C,false,Rx,1,8,06,A0,26,A0,7F,FF,04,7F,
218411759,0000019C,false,Rx,1,8,06,A0,26,9F,7F,FF,06,7F,
218443732,0000019C,false,Rx,1,8,06,A0,26,9F,7F,FE,09,7F,
218483447,0000019C,false,Rx,1,8,06,A0,26,A0,7F,FF,0D,7F,
218493687,0000019C,false,Rx,1,8,06,A0,26,A0,7F,FF,0E,7F,
218543688,0000019C,false,Rx,1,8,06,A0,26,9F,7F,FE,03,7F,
218583452,0000019C,false,Rx,1,8,06,A0,26,9F,7F,FE,07,7F,
218631761,0000019C,false,Rx,1,8,06,A0,26,9F,7F,FF,0C,7F,
218643714,0000019C,false,Rx,1,8,06,A0,26,9F,7F,FF,0D,7F,
218653721,0000019C,false,Rx,1,8,06,A0,26,9F,7F,FF,0E,7F,
218663710,0000019C,false,Rx,1,8,06,A0,26,9F,7F,FF,0F,7F,
218683458,0000019C,false,Rx,1,8,06,A0,26,9F,7F,FE,01,7F,
218693686,0000019C,false,Rx,1,8,06,A0,26,9F,7F,FF,02,7F,
218731761,0000019C,false,Rx,1,8,06,A0,26,9F,7F,FE,06,7F,
218743708,0000019C,false,Rx,1,8,06,A0,26,9F,7F,FF,07,7F,
218783707,0000019C,false,Rx,1,8,06,A0,26,9F,7F,FE,0B,7F,
218803563,0000019C,false,Rx,1,8,06,A0,26,9F,7F,FF,0D,7F,
218843710,0000019C,false,Rx,1,8,06,A0,26,9F,7F,FE,01,7F,
218873694,0000019C,false,Rx,1,8,06,A0,26,A0,7F,FE,04,7F,
218883461,0000019C,false,Rx,1,8,06,A0,26,A0,7F,FF,05,7F,
218893688,0000019C,false,Rx,1,8,06,A0,26,9F,7F,FF,06,7F,
218943708,0000019C,false,Rx,1,8,06,A0,26,9F,7F,FF,0B,7F,
218971776,0000019C,false,Rx,1,8,06,A0,26,A0,7F,FF,0E,7F,
218983704,0000019C,false,Rx,1,8,06,A0,26,A0,7F,FF,0F,7F,
218993696,0000019C,false,Rx,1,8,06,A0,26,A0,7F,FE,00,7F,
219003585,0000019C,false,Rx,1,8,06,A0,26,A0,7F,FF,01,7F,
219043729,0000019C,false,Rx,1,8,06,A0,26,9F,7F,FE,05,7F,
219071768,0000019C,false,Rx,1,8,06,A0,26,9F,7F,FF,08,7F,
219083758,0000019C,false,Rx,1,8,06,A0,26,A0,7F,FE,09,7F,
219093701,0000019C,false,Rx,1,8,06,A0,26,A0,7F,FF,0A,7F,
219123323,0000019C,false,Rx,1,8,06,A0,26,9F,7F,FF,0D,7F,
219143721,0000019C,false,Rx,1,8,06,A0,26,9F,7F,FE,0F,7F,
219153993,0000019C,false,Rx,1,8,06,A0,26,9F,7F,FE,00,7F,
219183689,0000019C,false,Rx,1,8,06,A0,26,9F,7F,FF,03,7F,
219243729,0000019C,false,Rx,1,8,06,A0,26,A0,7F,FE,09,7F,
219271778,0000019C,false,Rx,1,8,06,A0,26,A0,7F,FF,0C,7F,
219283453,0000019C,false,Rx,1,8,06,A0,26,9F,7F,FE,0D,7F,
219293939,0000019C,false,Rx,1,8,06,A0,26,9F,7F,FF,0E,7F,
219303835,0000019C,false,Rx,1,8,06,A0,26,9F,7F,FF,0F,7F,
219331773,0000019C,false,Rx,1,8,06,A0,26,A0,7F,FE,02,7F,
219343962,0000019C,false,Rx,1,8,06,A0,26,9F,7F,FF,03,7F,
219353982,0000019C,false,Rx,1,8,06,A0,26,9F,7F,FF,04,7F,
219371781,0000019C,false,Rx,1,8,06,A0,26,9F,7F,FE,06,7F,
219383947,0000019C,false,Rx,1,8,06,A0,26,9F,7F,FF,07,7F,
219443904,0000019C,false,Rx,1,8,06,A0,26,9F,7F,FF,0D,7F,
219453975,0000019C,false,Rx,1,8,06,A0,26,9F,7F,FE,0E,7F,
219483474,0000019C,false,Rx,1,8,06,A0,26,A0,7F,FF,01,7F,
219531766,0000019C,false,Rx,1,8,06,A0,26,9F,7F,FE,06,7F,
219571778,0000019C,false,Rx,1,8,06,A0,26,9F,7F,FF,0A,7F,
219583708,0000019C,false,Rx,1,8,06,A0,26,9F,7F,FF,0B,7F,
219593933,0000019C,false,Rx,1,8,06,A0,26,9F,7F,FF,0C,7F,
219611769,0000019C,false,Rx,1,8,06,A0,26,A0,7F,FE,0E,7F,
219643744,0000019C,false,Rx,1,8,06,A0,26,9F,7F,FE,01,7F,
219683709,0000019C,false,Rx,1,8,06,A0,26,9F,7F,FE,05,7F,
219693694,0000019C,false,Rx,1,8,06,A0,26,9F,7F,FF,06,7F,
219703661,0000019C,false,Rx,1,8,06,A0,26,9F,7F,FE,07,7F,
219743910,0000019C,false,Rx,1,8,06,A0,26,A0,7F,FF,0B,7F,
219773694,0000019C,false,Rx,1,8,06,A0,26,A0,7F,FE,0E,7F,
219783947,0000019C,false,Rx,1,8,06,A0,26,A0,7F,FF,0F,7F,
219793952,0000019C,false,Rx,1,8,06,A0,26,A0,7F,FF,00,7F,
219843953,0000019C,false,Rx,1,8,06,A0,26,9F,7F,FF,05,7F,
219853879,0000019C,false,Rx,1,8,06,A0,26,A0,7F,FF,06,7F,
219863799,0000019C,false,Rx,1,8,06,A0,26,9F,7F,FF,07,7F,
219883877,0000019C,false,Rx,1,8,06,A0,26,9F,7F,FF,09,7F,
219911686,0000019C,false,Rx,1,8,06,A0,26,9F,7F,FE,0C,7F,
219943956,0000019C,false,Rx,1,8,06,A0,26,9F,7F,FE,0F,7F,
219983367,0000019C,false,Rx,1,8,06,A0,26,9F,7F,FF,03,7F,
219993843,0000019C,false,Rx,1,8,06,A0,26,9F,7F,FE,04,7F,
220003373,0000019C,false,Rx,1,8,06,A0,26,9F,7F,FF,05,7F,
220031801,0000019C,false,Rx,1,8,06,A0,26,9F,7F,FE,08,7F,
220063994,0000019C,false,Rx,1,8,06,A0,26,9F,7F,FF,0B,7F,
220071695,0000019C,false,Rx,1,8,06,A0,26,9F,7F,FE,0C,7F,
220083382,0000019C,false,Rx,1,8,06,A0,26,9F,7F,FF,0D,7F,
220093867,0000019C,false,Rx,1,8,06,A0,26,9F,7F,FE,0E,7F,
220144214,0000019C,false,Rx,1,8,06,A0,26,9F,7F,FE,03,7F,
220163533,0000019C,false,Rx,1,8,06,A0,26,9F,7F,FF,05,7F,
220183371,0000019C,false,Rx,1,8,06,A0,26,9F,7F,FF,07,7F,
220193866,0000019C,false,Rx,1,8,06,A0,26,9F,7F,FF,08,7F,
220203403,0000019C,false,Rx,1,8,06,A0,26,9F,7F,FE,09,7F,
220244229,0000019C,false,Rx,1,8,06,A0,26,9F,7F,FF,0D,7F,
220271697,0000019C,false,Rx,1,8,06,A0,26,9F,7F,FE,00,7F,
220283402,0000019C,false,Rx,1,8,06,A0,26,9F,7F,FF,01,7F,
220343712,0000019C,false,Rx,1,8,06,A0,26,A0,7F,FF,07,7F,
220353668,0000019C,false,Rx,1,8,06,A0,26,9F,7F,FE,08,7F,
220383399,0000019C,false,Rx,1,8,06,A0,26,9F,7F,FE,0B,7F,
220393612,0000019C,false,Rx,1,8,06,A0,26,9F,7F,FF,0C,7F,
220443788,0000019C,false,Rx,1,8,06,A0,26,A0,7F,FE,01,7F,
220453661,0000019C,false,Rx,1,8,06,A0,26,A0,7F,FE,02,7F,
220471698,0000019C,false,Rx,1,8,06,A0,26,A0,7F,FE,04,7F,
220483408,0000019C,false,Rx,1,8,06,A0,26,A0,7F,FE,05,7F,
220493631,0000019C,false,Rx,1,8,06,A0,26,A0,7F,FF,06,7F,
220543761,0000019C,false,Rx,1,8,06,A0,26,A0,7F,FF,0B,7F,
220553661,0000019C,false,Rx,1,8,06,A0,26,A0,7F,FF,0C,7F,
220563530,0000019C,false,Rx,1,8,06,A0,26,9F,7F,FE,0D,7F,
220571703,0000019C,false,Rx,1,8,06,A0,26,A0,7F,FF,0E,7F,
220583475,0000019C,false,Rx,1,8,06,A0,26,9F,7F,FE,0F,7F,
220603439,0000019C,false,Rx,1,8,06,A0,26,9F,7F,FE,01,7F,
220643764,0000019C,false,Rx,1,8,06,A0,26,A0,7F,FF,05,7F,
220653737,0000019C,false,Rx,1,8,06,A0,26,9F,7F,FE,06,7F,
220671786,0000019C,false,Rx,1,8,06,A0,26,A0,7F,FF,08,7F,
220683462,0000019C,false,Rx,1,8,06,A0,26,A0,7F,FE,09,7F,
220711688,0000019C,false,Rx,1,8,06,A0,26,9F,7F,FF,0C,7F,
220723179,0000019C,false,Rx,1,8,06,A0,26,9F,7F,FF,0D,7F,
220743785,0000019C,false,Rx,1,8,06,A0,26,9F,7F,FE,0F,7F,
220783424,0000019C,false,Rx,1,8,06,A0,26,9F,7F,FE,03,7F,
220811671,0000019C,false,Rx,1,8,06,A0,26,9F,7F,FE,06,7F,
220843567,0000019C,false,Rx,1,8,06,A0,26,A0,7F,FE,09,7F,
220853889,0000019C,false,Rx,1,8,06,A0,26,9F,7F,FF,0A,7F,
220883448,0000019C,false,Rx,1,8,06,A0,26,9F,7F,FF,0D,7F,
220923191,0000019C,false,Rx,1,8,06,A0,26,9F,7F,FF,01,7F,
220931897,0000019C,false,Rx,1,8,06,A0,26,9F,7F,FE,02,7F,
220943783,0000019C,false,Rx,1,8,06,A0,26,9F,7F,FF,03,7F,
220983439,0000019C,false,Rx,1,8,06,A0,26,9F,7F,FF,07,7F,
220993590,0000019C,false,Rx,1,8,06,A0,26,9F,7F,FF,08,7F,
221003498,0000019C,false,Rx,1,8,06,A0,26,A0,7F,FE,09,7F,
221043574,0000019C,false,Rx,1,8,06,A0,26,A0,7F,FF,0D,7F,
221083483,0000019C,false,Rx,1,8,06,A0,26,A0,7F,FF,01,7F,
221093622,0000019C,false,Rx,1,8,06,A0,26,A0,7F,FE,02,7F,
221103469,0000019C,false,Rx,1,8,06,A0,26,A0,7F,FF,03,7F,
221111666,0000019C,false,Rx,1,8,06,A0,26,9F,7F,FE,04,7F,
221143825,0000019C,false,Rx,1,8,06,A0,26,9F,7F,FE,07,7F,
221163613,0000019C,false,Rx,1,8,06,A0,26,9F,7F,FE,09,7F,
221183473,0000019C,false,Rx,1,8,06,A0,26,9F,7F,FE,0B,7F,
221193600,0000019C,false,Rx,1,8,06,A0,26,9F,7F,FF,0C,7F,
221243839,0000019C,false,Rx,1,8,06,A0,26,A0,7F,FF,01,7F,
221283485,0000019C,false,Rx,1,8,06,A0,26,9F,7F,FF,05,7F,
221343826,0000019C,false,Rx,1,8,06,A0,26,A0,7F,FE,0B,7F,
221353637,0000019C,false,Rx,1,8,06,A0,26,A0,7F,FF,0C,7F,
221371684,0000019C,false,Rx,1,8,06,A0,26,A0,7F,FF,0E,7F,
221383490,0000019C,false,Rx,1,8,06,A0,26,A0,7F,FF,0F,7F,
221393843,0000019C,false,Rx,1,8,06,A0,26,A0,7F,FE,00,7F,
221443608,0000019C,false,Rx,1,8,06,A0,26,A0,7F,FE,05,7F,
221483510,0000019C,false,Rx,1,8,06,A0,26,A0,7F,FE,09,7F,
221493696,0000019C,false,Rx,1,8,06,A0,26,A0,7F,FF,0A,7F,
221523313,0000019C,false,Rx,1,8,06,A0,26,9F,7F,FF,0D,7F,
221543848,0000019C,false,Rx,1,8,06,A0,26,9F,7F,FF,0F,7F,
221583508,0000019C,false,Rx,1,8,06,A0,26,9F,7F,FF,03,7F,
221643602,0000019C,false,Rx,1,8,06,A0,26,9F,7F,FF,09,7F,
221653881,0000019C,false,Rx,1,8,06,A0,26,9F,7F,FE,0A,7F,
221663418,0000019C,false,Rx,1,8,06,A0,26,9F,7F,FE,0B,7F,
221683513,0000019C,false,Rx,1,8,06,A0,26,A0,7F,FF,0D,7F,
221743581,0000019C,false,Rx,1,8,06,A0,26,A0,7F,FE,03,7F,
221783524,0000019C,false,Rx,1,8,06,A0,26,9F,7F,FF,07,7F,
221803507,0000019C,false,Rx,1,8,06,A0,26,9F,7F,FF,09,7F,
221811770,0000019C,false,Rx,1,8,06,A0,26,9F,7F,FF,0A,7F,
221843874,0000019C,false,Rx,1,8,06,A0,26,9F,7F,FF,0D,7F,
221863413,0000019C,false,Rx,1,8,06,A0,26,9F,7F,FE,0F,7F,
221883552,0000019C,false,Rx,1,8,06,A0,26,9F,7F,FF,01,7F,
221911665,0000019C,false,Rx,1,8,06,A0,26,9F,7F,FF,04,7F,
221923239,0000019C,false,Rx,1,8,06,A0,26,9F,7F,FE,05,7F,
221931678,0000019C,false,Rx,1,8,06,A0,26,9F,7F,FF,06,7F,
221943586,0000019C,false,Rx,1,8,06,A0,26,9F,7F,FE,07,7F,
221953745,0000019C,false,Rx,1,8,06,A0,26,9F,7F,FF,08,7F,
221983549,0000019C,false,Rx,1,8,06,A0,26,9F,7F,FE,0B,7F,
222023335,0000019C,false,Rx,1,8,06,A0,26,9F,7F,FE,0F,7F,
222031001,0000019C,false,Rx,1,8,06,A0,26,9F,7F,FF,00,7F,
222043691,0000019C,false,Rx,1,8,06,A0,26,9F,7F,FE,01,7F,
222053746,0000019C,false,Rx,1,8,06,A0,26,A0,7F,FF,02,7F,
222063632,0000019C,false,Rx,1,8,06,A0,26,A0,7F,FE,03,7F,
222083563,0000019C,false,Rx,1,8,06,A0,26,A0,7F,FE,05,7F,
222103503,0000019C,false,Rx,1,8,06,A0,26,9F,7F,FE,07,7F,
222111776,0000019C,false,Rx,1,8,06,A0,26,A0,7F,FE,08,7F,
222143645,0000019C,false,Rx,1,8,06,A0,26,A0,7F,FE,0B,7F,
222183566,0000019C,false,Rx,1,8,06,A0,26,A0,7F,FE,0F,7F,
222211791,0000019C,false,Rx,1,8,06,A0,26,A0,7F,FF,02,7F,
222243706,0000019C,false,Rx,1,8,06,A0,26,A0,7F,FE,05,7F,
222253971,0000019C,false,Rx,1,8,06,A0,26,A0,7F,FE,06,7F,
222283575,0000019C,false,Rx,1,8,06,A0,26,A0,7F,FF,09,7F,
222343695,0000019C,false,Rx,1,8,06,A0,26,9F,7F,FF,0F,7F,
222363643,0000019C,false,Rx,1,8,06,A0,26,9F,7F,FE,01,7F,
222383572,0000019C,false,Rx,1,8,06,A0,26,9F,7F,FF,03,7F,
222443675,0000019C,false,Rx,1,8,06,A0,26,9F,7F,FE,09,7F,
222453745,0000019C,false,Rx,1,8,06,A0,26,9F,7F,FF,0A,7F,
222463648,0000019C,false,Rx,1,8,06,A0,26,9F,7F,FF,0B,7F,
222483604,0000019C,false,Rx,1,8,06,A0,26,9F,7F,FE,0D,7F,
222493715,0000019C,false,Rx,1,8,06,A0,26,9F,7F,FE,0E,7F,
222543671,0000019C,false,Rx,1,8,06,A0,26,A0,7F,FF,03,7F,
222563475,0000019C,false,Rx,1,8,06,A0,26,9F,7F,FF,05,7F,
222583593,0000019C,false,Rx,1,8,06,A0,26,9F,7F,FF,07,7F,
222593710,0000019C,false,Rx,1,8,06,A0,26,A0,7F,FE,08,7F,
222631782,0000019C,false,Rx,1,8,06,A0,26,9F,7F,FE,0C,7F,
222643712,0000019C,false,Rx,1,8,06,A0,26,A0,7F,FF,0D,7F,
222663427,0000019C,false,Rx,1,8,06,A0,26,9F,7F,FF,0F,7F,
222671794,0000019C,false,Rx,1,8,06,A0,26,9F,7F,FE,00,7F,
222683630,0000019C,false,Rx,1,8,06,A0,26,9F,7F,FF,01,7F,
222743940,0000019C,false,Rx,1,8,06,A0,26,9F,7F,FF,07,7F,
222771797,0000019C,false,Rx,1,8,06,A0,26,A0,7F,FF,0A,7F,
222783629,0000019C,false,Rx,1,8,06,A0,26,A0,7F,FF,0B,7F,
222843712,0000019C,false,Rx,1,8,06,A0,26,A0,7F,FF,01,7F,
222883646,0000019C,false,Rx,1,8,06,A0,26,A0,7F,FF,05,7F,
222893707,0000019C,false,Rx,1,8,06,A0,26,A0,7F,FF,06,7F,
222931775,0000019C,false,Rx,1,8,06,A0,26,A0,7F,FE,0A,7F,
222943940,0000019C,false,Rx,1,8,06,A0,26,A0,7F,FF,0B,7F,
222953995,0000019C,false,Rx,1,8,06,A0,26,A0,7F,FF,0C,7F,
222963480,0000019C,false,Rx,1,8,06,A0,26,A0,7F,FE,0D,7F,
222971784,0000019C,false,Rx,1,8,06,A0,26,A0,7F,FF,0E,7F,
222983645,0000019C,false,Rx,1,8,06,A0,26,A0,7F,FE,0F,7F,
222993718,0000019C,false,Rx,1,8,06,A0,26,9F,7F,FF,00,7F,
223011793,0000019C,false,Rx,1,8,06,A0,26,A0,7F,FE,02,7F,
223043671,0000019C,false,Rx,1,8,06,A0,26,9F,7F,FE,05,7F,
223071782,0000019C,false,Rx,1,8,06,A0,26,A0,7F,FF,08,7F,
223083418,0000019C,false,Rx,1,8,06,A0,26,9F,7F,FF,09,7F,
223092007,0000019C,false,Rx,1,8,06,A0,26,9F,7F,FE,0A,7F,
223111774,0000019C,false,Rx,1,8,06,A0,26,9F,7F,FE,0C,7F,
223143715,0000019C,false,Rx,1,8,06,A0,26,A0,7F,FE,0F,7F,
223163479,0000019C,false,Rx,1,8,06,A0,26,A0,7F,FE,01,7F,
223183655,0000019C,false,Rx,1,8,06,A0,26,9F,7F,FF,03,7F,
223193952,0000019C,false,Rx,1,8,06,A0,26,9F,7F,FF,04,7F,
223243712,0000019C,false,Rx,1,8,06,A0,26,A0,7F,FE,09,7F,
223283675,0000019C,false,Rx,1,8,06,A0,26,A0,7F,FF,0D,7F,
223331795,0000019C,false,Rx,1,8,06,A0,26,A0,7F,FE,02,7F,
223343677,0000019C,false,Rx,1,8,06,A0,26,A0,7F,FF,03,7F,
223354010,0000019C,false,Rx,1,8,06,A0,26,A0,7F,FF,04,7F,
223363474,0000019C,false,Rx,1,8,06,A0,26,A0,7F,FF,05,7F,
223371788,0000019C,false,Rx,1,8,06,A0,26,A0,7F,FF,06,7F,
223383432,0000019C,false,Rx,1,8,06,A0,26,A0,7F,FF,07,7F,
223393946,0000019C,false,Rx,1,8,06,A0,26,A0,7F,FE,08,7F,
223443948,0000019C,false,Rx,1,8,06,A0,26,9F,7F,FE,0D,7F,
223453777,0000019C,false,Rx,1,8,06,A0,26,A0,7F,FF,0E,7F,
223463507,0000019C,false,Rx,1,8,06,A0,26,A0,7F,FF,0F,7F,
223483695,0000019C,false,Rx,1,8,06,A0,26,A0,7F,FF,01,7F,
223503636,0000019C,false,Rx,1,8,06,A0,26,A0,7F,FE,03,7F,
223543933,0000019C,false,Rx,1,8,06,A0,26,A0,7F,FF,07,7F,
223563479,0000019C,false,Rx,1,8,06,A0,26,A0,7F,FF,09,7F,
223583455,0000019C,false,Rx,1,8,06,A0,26,A0,7F,FE,0B,7F,
223643948,0000019C,false,Rx,1,8,06,A0,26,A0,7F,FF,01,7F,
223663481,0000019C,false,Rx,1,8,06,A0,26,A0,7F,FE,03,7F,
223683713,0000019C,false,Rx,1,8,06,A0,26,A0,7F,FE,05,7F,
223731782,0000019C,false,Rx,1,8,06,A0,26,9F,7F,FF,0A,7F,
223743938,0000019C,false,Rx,1,8,06,A0,26,9F,7F,FF,0B,7F,
223771791,0000019C,false,Rx,1,8,06,A0,26,9F,7F,FE,0E,7F,
223783486,0000019C,false,Rx,1,8,06,A0,26,9F,7F,FF,0F,7F,
223823435,0000019C,false,Rx,1,8,06,A0,26,9F,7F,FE,03,7F,
223831780,0000019C,false,Rx,1,8,06,A0,26,9F,7F,FE,04,7F,
223843946,0000019C,false,Rx,1,8,06,A0,26,9F,7F,FE,05,7F,
223883489,0000019C,false,Rx,1,8,06,A0,26,A0,7F,FE,09,7F,
223911781,0000019C,false,Rx,1,8,06,A0,26,A0,7F,FF,0C,7F,
223943907,0000019C,false,Rx,1,8,06,A0,26,9F,7F,FF,0F,7F,
223983463,0000019C,false,Rx,1,8,06,A0,26,9F,7F,FF,03,7F,
224043972,0000019C,false,Rx,1,8,06,A0,26,9F,7F,FF,09,7F,
224053982,0000019C,false,Rx,1,8,06,A0,26,A0,7F,FE,0A,7F,
224063502,0000019C,false,Rx,1,8,06,A0,26,9F,7F,FF,0B,7F,
224083478,0000019C,false,Rx,1,8,06,A0,26,A0,7F,FE,0D,7F,
224093957,0000019C,false,Rx,1,8,06,A0,26,A0,7F,FF,0E,7F,
224143955,0000019C,false,Rx,1,8,06,A0,26,A0,7F,FE,03,7F,
224171821,0000019C,false,Rx,1,8,06,A0,26,9F,7F,FE,06,7F,
224183718,0000019C,false,Rx,1,8,06,A0,26,A0,7F,FF,07,7F,
224223447,0000019C,false,Rx,1,8,06,A0,26,9F,7F,FF,0B,7F,
224231795,0000019C,false,Rx,1,8,06,A0,26,9F,7F,FF,0C,7F,
224243948,0000019C,false,Rx,1,8,06,A0,26,9F,7F,FE,0D,7F,
224254005,0000019C,false,Rx,1,8,06,A0,26,9F,7F,FF,0E,7F,
224283728,0000019C,false,Rx,1,8,06,A0,26,9F,7F,FE,01,7F,
224331777,0000019C,false,Rx,1,8,06,A0,26,9F,7F,FF,06,7F,
224343944,0000019C,false,Rx,1,8,06,A0,26,9F,7F,FF,07,7F,
224353983,0000019C,false,Rx,1,8,06,A0,26,9F,7F,FF,08,7F,
224363577,0000019C,false,Rx,1,8,06,A0,26,9F,7F,FF,09,7F,
224371786,0000019C,false,Rx,1,8,06,A0,26,9F,7F,FE,0A,7F,
224383727,0000019C,false,Rx,1,8,06,A0,26,9F,7F,FE,0B,7F,
224393950,0000019C,false,Rx,1,8,06,A0,26,A0,7F,FF,0C,7F,
224403665,0000019C,false,Rx,1,8,06,A0,26,A0,7F,FF,0D,7F,
224423457,0000019C,false,Rx,1,8,06,A0,26,9F,7F,FE,0F,7F,
224431792,0000019C,false,Rx,1,8,06,A0,26,9F,7F,FF,00,7F,
224443975,0000019C,false,Rx,1,8,06,A0,26,A0,7F,FE,01,7F,
224454012,0000019C,false,Rx,1,8,06,A0,26,A0,7F,FF,02,7F,
224463502,0000019C,false,Rx,1,8,06,A0,26,9F,7F,FF,03,7F,
224471797,0000019C,false,Rx,1,8,06,A0,26,A0,7F,FF,04,7F,
224483738,0000019C,false,Rx,1,8,06,A0,26,9F,7F,FE,05,7F,
224492011,0000019C,false,Rx,1,8,06,A0,26,9F,7F,FE,06,7F,
224543918,0000019C,false,Rx,1,8,06,A0,26,A0,7F,FE,0B,7F,
224554017,0000019C,false,Rx,1,8,06,A0,26,9F,7F,FF,0C,7F,
224563555,0000019C,false,Rx,1,8,06,A0,26,9F,7F,FE,0D,7F,
224583728,0000019C,false,Rx,1,8,06,A0,26,9F,7F,FF,0F,7F,
224592053,0000019C,false,Rx,1,8,06,A0,26,9F,7F,FE,00,7F,
224623430,0000019C,false,Rx,1,8,06,A0,26,A0,7F,FE,03,7F,
224643945,0000019C,false,Rx,1,8,06,A0,26,A0,7F,FF,05,7F,
224653995,0000019C,false,Rx,1,8,06,A0,26,A0,7F,FE,06,7F,
224683726,0000019C,false,Rx,1,8,06,A0,26,9F,7F,FF,09,7F,
224743964,0000019C,false,Rx,1,8,06,A0,26,A0,7F,FF,0F,7F,
224754045,0000019C,false,Rx,1,8,06,A0,26,A0,7F,FF,00,7F,
224783718,0000019C,false,Rx,1,8,06,A0,26,A0,7F,FE,03,7F,
224803636,0000019C,false,Rx,1,8,06,A0,26,A0,7F,FE,05,7F,
224843942,0000019C,false,Rx,1,8,06,A0,26,A0,7F,FE,09,7F,
224853997,0000019C,false,Rx,1,8,06,A0,26,A0,7F,FE,0A,7F,
224863538,0000019C,false,Rx,1,8,06,A0,26,A0,7F,FF,0B,7F,
224871796,0000019C,false,Rx,1,8,06,A0,26,A0,7F,FE,0C,7F,
224883744,0000019C,false,Rx,1,8,06,A0,26,A0,7F,FF,0D,7F,
224892033,0000019C,false,Rx,1,8,06,A0,26,A0,7F,FE,0E,7F,
224943941,0000019C,false,Rx,1,8,06,A0,26,9F,7F,FF,03,7F,
224954006,0000019C,false,Rx,1,8,06,A0,26,9F,7F,FF,04,7F,
224963556,0000019C,false,Rx,1,8,06,A0,26,9F,7F,FE,05,7F,
224983717,0000019C,false,Rx,1,8,06,A0,26,9F,7F,FF,07,7F,
224993963,0000019C,false,Rx,1,8,06,A0,26,9F,7F,FE,08,7F,
225031813,0000019C,false,Rx,1,8,06,A0,26,9F,7F,FF,0C,7F,
225083739,0000019C,false,Rx,1,8,06,A0,26,9F,7F,FF,01,7F,
225092042,0000019C,false,Rx,1,8,06,A0,26,9F,7F,FE,02,7F,
225131783,0000019C,false,Rx,1,8,06,A0,26,9F,7F,FE,06,7F,
225143916,0000019C,false,Rx,1,8,06,A0,26,9F,7F,FF,07,7F,
225183737,0000019C,false,Rx,1,8,06,A0,26,A0,7F,FE,0B,7F,
225193930,0000019C,false,Rx,1,8,06,A0,26,A0,7F,FE,0C,7F,
225243982,0000019C,false,Rx,1,8,06,A0,26,9F,7F,FE,01,7F,
225254031,0000019C,false,Rx,1,8,06,A0,26,9F,7F,FF,02,7F,
225283726,0000019C,false,Rx,1,8,06,A0,26,9F,7F,FF,05,7F,
225293969,0000019C,false,Rx,1,8,06,A0,26,9F,7F,FE,06,7F,
225311782,0000019C,false,Rx,1,8,06,A0,26,9F,7F,FE,08,7F,
225323489,0000019C,false,Rx,1,8,06,A0,26,9F,7F,FE,09,7F,
225343922,0000019C,false,Rx,1,8,06,A0,26,A0,7F,FE,0B,7F,
225353989,0000019C,false,Rx,1,8,06,A0,26,A0,7F,FE,0C,7F,
225363566,0000019C,false,Rx,1,8,06,A0,26,A0,7F,FF,0D,7F,
225383732,0000019C,false,Rx,1,8,06,A0,26,9F,7F,FE,0F,7F,
225392055,0000019C,false,Rx,1,8,06,A0,26,9F,7F,FF,00,7F,
225423487,0000019C,false,Rx,1,8,06,A0,26,9F,7F,FF,03,7F,
225443940,0000019C,false,Rx,1,8,06,A0,26,9F,7F,FE,05,7F,
225463612,0000019C,false,Rx,1,8,06,A0,26,9F,7F,FE,07,7F,
225483727,0000019C,false,Rx,1,8,06,A0,26,9F,7F,FF,09,7F,
225492036,0000019C,false,Rx,1,8,06,A0,26,9F,7F,FE,0A,7F,
225523492,0000019C,false,Rx,1,8,06,A0,26,A0,7F,FF,0D,7F,
225543965,0000019C,false,Rx,1,8,06,A0,26,A0,7F,FF,0F,7F,
225563611,0000019C,false,Rx,1,8,06,A0,26,9F,7F,FF,01,7F,
225583713,0000019C,false,Rx,1,8,06,A0,26,9F,7F,FE,03,7F,
225593960,0000019C,false,Rx,1,8,06,A0,26,9F,7F,FF,04,7F,
225603687,0000019C,false,Rx,1,8,06,A0,26,9F,7F,FE,05,7F,
225643965,0000019C,false,Rx,1,8,06,A0,26,9F,7F,FE,09,7F,
225653997,0000019C,false,Rx,1,8,06,A0,26,9F,7F,FF,0A,7F,
225663619,0000019C,false,Rx,1,8,06,A0,26,9F,7F,FE,0B,7F,
225683747,0000019C,false,Rx,1,8,06,A0,26,9F,7F,FF,0D,7F,
225731790,0000019C,false,Rx,1,8,06,A0,26,9F,7F,FE,02,7F,
225743914,0000019C,false,Rx,1,8,06,A0,26,9F,7F,FE,03,7F,
225754027,0000019C,false,Rx,1,8,06,A0,26,9F,7F,FF,04,7F,
225763589,0000019C,false,Rx,1,8,06,A0,26,9F,7F,FE,05,7F,
225783722,0000019C,false,Rx,1,8,06,A0,26,A0,7F,FE,07,7F,
225792033,0000019C,false,Rx,1,8,06,A0,26,A0,7F,FE,08,7F,
225823558,0000019C,false,Rx,1,8,06,A0,26,A0,7F,FE,0B,7F,
225843960,0000019C,false,Rx,1,8,06,A0,26,A0,7F,FF,0D,7F,
225863637,0000019C,false,Rx,1,8,06,A0,26,A0,7F,FE,0F,7F,
225883741,0000019C,false,Rx,1,8,06,A0,26,A0,7F,FE,01,7F,
225893972,0000019C,false,Rx,1,8,06,A0,26,A0,7F,FF,02,7F,
225903741,0000019C,false,Rx,1,8,06,A0,26,A0,7F,FF,03,7F,
225943942,0000019C,false,Rx,1,8,06,A0,26,9F,7F,FF,07,7F,
225954023,0000019C,false,Rx,1,8,06,A0,26,9F,7F,FF,08,7F,
225963602,0000019C,false,Rx,1,8,06,A0,26,A0,7F,FE,09,7F,
225983728,0000019C,false,Rx,1,8,06,A0,26,9F,7F,FE,0B,7F,
225993963,0000019C,false,Rx,1,8,06,A0,26,9F,7F,FF,0C,7F,
226011803,0000019C,false,Rx,1,8,06,A0,26,9F,7F,FE,0E,7F,
226043947,0000019C,false,Rx,1,8,06,A0,26,9F,7F,FE,01,7F,
226054017,0000019C,false,Rx,1,8,06,A0,26,9F,7F,FF,02,7F,
226063610,0000019C,false,Rx,1,8,06,A0,26,9F,7F,FE,03,7F,
226072045,0000019C,false,Rx,1,8,06,A0,26,A0,7F,FF,04,7F,
226083729,0000019C,false,Rx,1,8,06,A0,26,A0,7F,FE,05,7F,
226093974,0000019C,false,Rx,1,8,06,A0,26,A0,7F,FF,06,7F,
226143954,0000019C,false,Rx,1,8,06,A0,26,A0,7F,FE,0B,7F,
226154017,0000019C,false,Rx,1,8,06,A0,26,A0,7F,FF,0C,7F,
226183734,0000019C,false,Rx,1,8,06,A0,26,A0,7F,FF,0F,7F,
226193972,0000019C,false,Rx,1,8,06,A0,26,A0,7F,FE,00,7F,
226231805,0000019C,false,Rx,1,8,06,A0,26,9F,7F,FE,04,7F,
226243974,0000019C,false,Rx,1,8,06,A0,26,9F,7F,FE,05,7F,
226254253,0000019C,false,Rx,1,8,06,A0,26,9F,7F,FE,06,7F,
226263631,0000019C,false,Rx,1,8,06,A0,26,A0,7F,FE,07,7F,
226283738,0000019C,false,Rx,1,8,06,A0,26,9F,7F,FE,09,7F,
226354025,0000019C,false,Rx,1,8,06,A0,26,9F,7F,FE,00,7F,
226363672,0000019C,false,Rx,1,8,06,A0,26,A0,7F,FE,01,7F,
226383722,0000019C,false,Rx,1,8,06,A0,26,9F,7F,FE,03,7F,
226403770,0000019C,false,Rx,1,8,06,A0,26,9F,7F,FE,05,7F,
226443969,0000019C,false,Rx,1,8,06,A0,26,9F,7F,FF,09,7F,
226463641,0000019C,false,Rx,1,8,06,A0,26,9F,7F,FF,0B,7F,
226483738,0000019C,false,Rx,1,8,06,A0,26,9F,7F,FF,0D,7F,
226493965,0000019C,false,Rx,1,8,06,A0,26,9F,7F,FE,0E,7F,
226523602,0000019C,false,Rx,1,8,06,A0,26,A0,7F,FF,01,7F,
226543946,0000019C,false,Rx,1,8,06,A0,26,9F,7F,FF,03,7F,
226563673,0000019C,false,Rx,1,8,06,A0,26,A0,7F,FE,05,7F,
226583730,0000019C,false,Rx,1,8,06,A0,26,9F,7F,FF,07,7F,
226603761,0000019C,false,Rx,1,8,06,A0,26,9F,7F,FE,09,7F,
226643944,0000019C,false,Rx,1,8,06,A0,26,A0,7F,FF,0D,7F,
226654264,0000019C,false,Rx,1,8,06,A0,26,A0,7F,FE,0E,7F,
226671810,0000019C,false,Rx,1,8,06,A0,26,A0,7F,FE,00,7F,
226683734,0000019C,false,Rx,1,8,06,A0,26,9F,7F,FE,01,7F,
226703882,0000019C,false,Rx,1,8,06,A0,26,9F,7F,FE,03,7F,
226731788,0000019C,false,Rx,1,8,06,A0,26,9F,7F,FF,06,7F,
226744205,0000019C,false,Rx,1,8,06,A0,26,A0,7F,FE,07,7F,
226783746,0000019C,false,Rx,1,8,06,A0,26,A0,7F,FF,0B,7F,
226793969,0000019C,false,Rx,1,8,06,A0,26,A0,7F,FE,0C,7F,
226812067,0000019C,false,Rx,1,8,06,A0,26,A0,7F,FF,0E,7F,
226844023,0000019C,false,Rx,1,8,06,A0,26,9F,7F,FE,01,7F,
226883756,0000019C,false,Rx,1,8,06,A0,26,A0,7F,FF,05,7F,
226911916,0000019C,false,Rx,1,8,06,A0,26,9F,7F,FE,08,7F,
226944059,0000019C,false,Rx,1,8,06,A0,26,9F,7F,FE,0B,7F,
226963689,0000019C,false,Rx,1,8,06,A0,26,9F,7F,FF,0D,7F,
226983781,0000019C,false,Rx,1,8,06,A0,26,9F,7F,FE,0F,7F,
226994146,0000019C,false,Rx,1,8,06,A0,26,A0,7F,FF,00,7F,
227032035,0000019C,false,Rx,1,8,06,A0,26,9F,7F,FE,04,7F,
227043960,0000019C,false,Rx,1,8,06,A0,26,9F,7F,FF,05,7F,
227072051,0000019C,false,Rx,1,8,06,A0,26,9F,7F,FE,08,7F,
227083891,0000019C,false,Rx,1,8,06,A0,26,A0,7F,FE,09,7F,
227093959,0000019C,false,Rx,1,8,06,A0,26,A0,7F,FF,0A,7F,
227143963,0000019C,false,Rx,1,8,06,A0,26,9F,7F,FE,0F,7F,
227163722,0000019C,false,Rx,1,8,06,A0,26,9F,7F,FF,01,7F,
227183723,0000019C,false,Rx,1,8,06,A0,26,9F,7F,FE,03,7F,
227192285,0000019C,false,Rx,1,8,06,A0,26,A0,7F,FF,04,7F,
227212052,0000019C,false,Rx,1,8,06,A0,26,9F,7F,FF,06,7F,
227223595,0000019C,false,Rx,1,8,06,A0,26,A0,7F,FE,07,7F,
227244178,0000019C,false,Rx,1,8,06,A0,26,9F,7F,FE,09,7F,
227254262,0000019C,false,Rx,1,8,06,A0,26,9F,7F,FF,0A,7F,
227283982,0000019C,false,Rx,1,8,06,A0,26,9F,7F,FF,0D,7F,
227292549,0000019C,false,Rx,1,8,06,A0,26,A0,7F,FF,0E,7F,
227303881,0000019C,false,Rx,1,8,06,A0,26,9F,7F,FF,0F,7F,
227343961,0000019C,false,Rx,1,8,06,A0,26,9F,7F,FF,03,7F,
227354263,0000019C,false,Rx,1,8,06,A0,26,9F,7F,FE,04,7F,
227383964,0000019C,false,Rx,1,8,06,A0,26,9F,7F,FF,07,7F,
227394208,0000019C,false,Rx,1,8,06,A0,26,9F,7F,FE,08,7F,
227403833,0000019C,false,Rx,1,8,06,A0,26,A0,7F,FE,09,7F,
227444208,0000019C,false,Rx,1,8,06,A0,26,9F,7F,FF,0D,7F,
227483989,0000019C,false,Rx,1,8,06,A0,26,A0,7F,FF,01,7F,
227503827,0000019C,false,Rx,1,8,06,A0,26,9F,7F,FE,03,7F,
227544193,0000019C,false,Rx,1,8,06,A0,26,9F,7F,FE,07,7F,
227554249,0000019C,false,Rx,1,8,06,A0,26,9F,7F,FF,08,7F,
227583729,0000019C,false,Rx,1,8,06,A0,26,9F,7F,FE,0B,7F,
227593957,0000019C,false,Rx,1,8,06,A0,26,A0,7F,FE,0C,7F,
227612034,0000019C,false,Rx,1,8,06,A0,26,A0,7F,FE,0E,7F,
227632047,0000019C,false,Rx,1,8,06,A0,26,A0,7F,FE,00,7F,
227644223,0000019C,false,Rx,1,8,06,A0,26,A0,7F,FF,01,7F,
227654263,0000019C,false,Rx,1,8,06,A0,26,A0,7F,FE,02,7F,
227683733,0000019C,false,Rx,1,8,06,A0,26,A0,7F,FE,05,7F,
227694218,0000019C,false,Rx,1,8,06,A0,26,9F,7F,FF,06,7F,
227744201,0000019C,false,Rx,1,8,06,A0,26,A0,7F,FE,0B,7F,
227754285,0000019C,false,Rx,1,8,06,A0,26,9F,7F,FF,0C,7F,
227783978,0000019C,false,Rx,1,8,06,A0,26,9F,7F,FF,0F,7F,
227794207,0000019C,false,Rx,1,8,06,A0,26,A0,7F,FE,00,7F,
227803880,0000019C,false,Rx,1,8,06,A0,26,A0,7F,FF,01,7F,
227844177,0000019C,false,Rx,1,8,06,A0,26,A0,7F,FF,05,7F,
227863718,0000019C,false,Rx,1,8,06,A0,26,9F,7F,FF,07,7F,
227883743,0000019C,false,Rx,1,8,06,A0,26,9F,7F,FE,09,7F,
227894208,0000019C,false,Rx,1,8,06,A0,26,9F,7F,FF,0A,7F,
227903936,0000019C,false,Rx,1,8,06,A0,26,9F,7F,FE,0B,7F,
227932287,0000019C,false,Rx,1,8,06,A0,26,A0,7F,FF,0E,7F,
227944209,0000019C,false,Rx,1,8,06,A0,26,A0,7F,FF,0F,7F,
227963812,0000019C,false,Rx,1,8,06,A0,26,9F,7F,FF,01,7F,
227983972,0000019C,false,Rx,1,8,06,A0,26,9F,7F,FE,03,7F,
227994207,0000019C,false,Rx,1,8,06,A0,26,9F,7F,FF,04,7F,
228072288,0000019C,false,Rx,1,8,06,A0,26,9F,7F,FF,0C,7F,
228083970,0000019C,false,Rx,1,8,06,A0,26,A0,7F,FF,0D,7F,
228094226,0000019C,false,Rx,1,8,06,A0,26,9F,7F,FE,0E,7F,
228144175,0000019C,false,Rx,1,8,06,A0,26,9F,7F,FF,03,7F,
228154261,0000019C,false,Rx,1,8,06,A0,26,A0,7F,FF,04,7F,
228194206,0000019C,false,Rx,1,8,06,A0,26,9F,7F,FE,08,7F,
228212280,0000019C,false,Rx,1,8,06,A0,26,A0,7F,FF,0A,7F,
228223659,0000019C,false,Rx,1,8,06,A0,26,A0,7F,FF,0B,7F,
228232542,0000019C,false,Rx,1,8,06,A0,26,A0,7F,FF,0C,7F,
228263800,0000019C,false,Rx,1,8,06,A0,26,A0,7F,FF,0F,7F,
228283981,0000019C,false,Rx,1,8,06,A0,26,A0,7F,FF,01,7F,
228294223,0000019C,false,Rx,1,8,06,A0,26,A0,7F,FE,02,7F,
228332295,0000019C,false,Rx,1,8,06,A0,26,A0,7F,FF,06,7F,
228354265,0000019C,false,Rx,1,8,06,A0,26,A0,7F,FF,08,7F,
228383980,0000019C,false,Rx,1,8,06,A0,26,A0,7F,FE,0B,7F,
228394459,0000019C,false,Rx,1,8,06,A0,26,A0,7F,FF,0C,7F,
228483978,0000019C,false,Rx,1,8,06,A0,26,9F,7F,FF,05,7F,
228494467,0000019C,false,Rx,1,8,06,A0,26,9F,7F,FE,06,7F,
228523908,0000019C,false,Rx,1,8,06,A0,26,A0,7F,FE,09,7F,
228544193,0000019C,false,Rx,1,8,06,A0,26,A0,7F,FE,0B,7F,
228563947,0000019C,false,Rx,1,8,06,A0,26,9F,7F,FF,0D,7F,
228584017,0000019C,false,Rx,1,8,06,A0,26,9F,7F,FE,0F,7F,
228594460,0000019C,false,Rx,1,8,06,A0,26,9F,7F,FF,00,7F,
228612307,0000019C,false,Rx,1,8,06,A0,26,9F,7F,FE,02,7F,
228632281,0000019C,false,Rx,1,8,06,A0,26,9F,7F,FF,04,7F,
228692049,0000019C,false,Rx,1,8,06,A0,26,9F,7F,FF,0A,7F,
228704084,0000019C,false,Rx,1,8,06,A0,26,9F,7F,FE,0B,7F,
228744443,0000019C,false,Rx,1,8,06,A0,26,9F,7F,FF,0F,7F,
228784022,0000019C,false,Rx,1,8,06,A0,26,9F,7F,FF,03,7F,
228794467,0000019C,false,Rx,1,8,06,A0,26,9F,7F,FF,04,7F,
228832033,0000019C,false,Rx,1,8,06,A0,26,A0,7F,FE,08,7F,
228884069,0000019C,false,Rx,1,8,06,A0,26,A0,7F,FE,0D,7F,
228894480,0000019C,false,Rx,1,8,06,A0,26,9F,7F,FF,0E,7F,
228954506,0000019C,false,Rx,1,8,06,A0,26,9F,7F,FF,04,7F,
228994459,0000019C,false,Rx,1,8,06,A0,26,A0,7F,FF,08,7F,
229012045,0000019C,false,Rx,1,8,06,A0,26,A0,7F,FF,0A,7F,
229023937,0000019C,false,Rx,1,8,06,A0,26,A0,7F,FE,0B,7F,
229032042,0000019C,false,Rx,1,8,06,A0,26,A0,7F,FE,0C,7F,
229084231,0000019C,false,Rx,1,8,06,A0,26,9F,7F,FE,01,7F,
229094474,0000019C,false,Rx,1,8,06,A0,26,9F,7F,FF,02,7F,
229123938,0000019C,false,Rx,1,8,06,A0,26,A0,7F,FE,05,7F,
229144467,0000019C,false,Rx,1,8,06,A0,26,A0,7F,FF,07,7F,
229164078,0000019C,false,Rx,1,8,06,A0,26,A0,7F,FF,09,7F,
229194461,0000019C,false,Rx,1,8,06,A0,26,A0,7F,FF,0C,7F,
229232052,0000019C,false,Rx,1,8,06,A0,26,A0,7F,FF,00,7F,
229244470,0000019C,false,Rx,1,8,06,A0,26,A0,7F,FE,01,7F,
229284099,0000019C,false,Rx,1,8,06,A0,26,A0,7F,FE,05,7F,
229294474,0000019C,false,Rx,1,8,06,A0,26,A0,7F,FF,06,7F,
229332057,0000019C,false,Rx,1,8,06,A0,26,9F,7F,FF,0A,7F,
229344441,0000019C,false,Rx,1,8,06,A0,26,9F,7F,FF,0B,7F,
229394463,0000019C,false,Rx,1,8,06,A0,26,9F,7F,FF,00,7F,
229404274,0000019C,false,Rx,1,8,06,A0,26,9F,7F,FE,01,7F,
229423002,0000019C,false,Rx,1,8,06,A0,26,9F,7F,FF,03,7F,
229472047,0000019C,false,Rx,1,8,06,A0,26,9F,7F,FF,08,7F,
229494466,0000019C,false,Rx,1,8,06,A0,26,9F,7F,FE,0A,7F,
229544464,0000019C,false,Rx,1,8,06,A0,26,9F,7F,FE,0F,7F,
229564081,0000019C,false,Rx,1,8,06,A0,26,9F,7F,FE,01,7F,
229594466,0000019C,false,Rx,1,8,06,A0,26,A0,7F,FF,04,7F,
229644452,0000019C,false,Rx,1,8,06,A0,26,9F,7F,FF,09,7F,
229674469,0000019C,false,Rx,1,8,06,A0,26,A0,7F,FF,0C,7F,
229684083,0000019C,false,Rx,1,8,06,A0,26,A0,7F,FE,0D,7F,
229694472,0000019C,false,Rx,1,8,06,A0,26,A0,7F,FF,0E,7F,
229704249,0000019C,false,Rx,1,8,06,A0,26,9F,7F,FE,0F,7F,
229712054,0000019C,false,Rx,1,8,06,A0,26,9F,7F,FF,00,7F,
229724216,0000019C,false,Rx,1,8,06,A0,26,9F,7F,FF,01,7F,
229744468,0000019C,false,Rx,1,8,06,A0,26,9F,7F,FF,03,7F,
229754530,0000019C,false,Rx,1,8,06,A0,26,9F,7F,FF,04,7F,
229784128,0000019C,false,Rx,1,8,06,A0,26,9F,7F,FE,07,7F,
229794453,0000019C,false,Rx,1,8,06,A0,26,9F,7F,FF,08,7F,
229812044,0000019C,false,Rx,1,8,06,A0,26,9F,7F,FE,0A,7F,
229854540,0000019C,false,Rx,1,8,06,A0,26,A0,7F,FF,0E,7F,
229894481,0000019C,false,Rx,1,8,06,A0,26,9F,7F,FF,02,7F,
229912052,0000019C,false,Rx,1,8,06,A0,26,9F,7F,FF,04,7F,
229994454,0000019C,false,Rx,1,8,06,A0,26,9F,7F,FE,0C,7F,
230032301,0000019C,false,Rx,1,8,06,A0,26,9F,7F,FE,00,7F,
230044479,0000019C,false,Rx,1,8,06,A0,26,9F,7F,FF,01,7F,
230094483,0000019C,false,Rx,1,8,06,A0,26,9F,7F,FF,06,7F,
230132545,0000019C,false,Rx,1,8,06,A0,26,9F,7F,FE,0A,7F,
230194474,0000019C,false,Rx,1,8,06,A0,26,A0,7F,FE,00,7F,
230294469,0000019C,false,Rx,1,8,06,A0,26,A0,7F,FF,0A,7F,
230372313,0000019C,false,Rx,1,8,06,A0,26,A0,7F,FF,02,7F,
230384370,0000019C,false,Rx,1,8,06,A0,26,A0,7F,FE,03,7F,
230394673,0000019C,false,Rx,1,8,06,A0,26,A0,7F,FF,04,7F,
230404233,0000019C,false,Rx,1,8,06,A0,26,A0,7F,FF,05,7F,
230432297,0000019C,false,Rx,1,8,06,A0,26,A0,7F,FF,08,7F,
230444478,0000019C,false,Rx,1,8,06,A0,26,A0,7F,FE,09,7F,
230494477,0000019C,false,Rx,1,8,06,A0,26,9F,7F,FF,0E,7F,
230523820,0000019C,false,Rx,1,8,06,A0,26,A0,7F,FE,01,7F,
230574492,0000019C,false,Rx,1,8,06,A0,26,9F,7F,FE,06,7F,
230594461,0000019C,false,Rx,1,8,06,A0,26,A0,7F,FE,08,7F,
230623791,0000019C,false,Rx,1,8,06,A0,26,A0,7F,FF,0B,7F,
230644719,0000019C,false,Rx,1,8,06,A0,26,9F,7F,FF,0D,7F,
230694481,0000019C,false,Rx,1,8,06,A0,26,9F,7F,FE,02,7F,
230712304,0000019C,false,Rx,1,8,06,A0,26,A0,7F,FF,04,7F,
230723822,0000019C,false,Rx,1,8,06,A0,26,A0,7F,FE,05,7F,
230732295,0000019C,false,Rx,1,8,06,A0,26,A0,7F,FF,06,7F,
230754601,0000019C,false,Rx,1,8,06,A0,26,A0,7F,FF,08,7F,
230794465,0000019C,false,Rx,1,8,06,A0,26,A0,7F,FE,0C,7F,
230804031,0000019C,false,Rx,1,8,06,A0,26,A0,7F,FF,0D,7F,
230832303,0000019C,false,Rx,1,8,06,A0,26,A0,7F,FE,00,7F,
230854567,0000019C,false,Rx,1,8,06,A0,26,A0,7F,FF,02,7F,
230883950,0000019C,false,Rx,1,8,06,A0,26,A0,7F,FE,05,7F,
230894487,0000019C,false,Rx,1,8,06,A0,26,A0,7F,FF,06,7F,
230923788,0000019C,false,Rx,1,8,06,A0,26,A0,7F,FF,09,7F,
230944951,0000019C,false,Rx,1,8,06,A0,26,A0,7F,FF,0B,7F,
230954571,0000019C,false,Rx,1,8,06,A0,26,A0,7F,FF,0C,7F,
230963956,0000019C,false,Rx,1,8,06,A0,26,9F,7F,FE,0D,7F,
231063978,0000019C,false,Rx,1,8,06,A0,26,A0,7F,FF,07,7F,
231094229,0000019C,false,Rx,1,8,06,A0,26,9F,7F,FF,0A,7F,
231123808,0000019C,false,Rx,1,8,06,A0,26,9F,7F,FF,0D,7F,
231132311,0000019C,false,Rx,1,8,06,A0,26,A0,7F,FE,0E,7F,
231194223,0000019C,false,Rx,1,8,06,A0,26,A0,7F,FF,04,7F,
231212293,0000019C,false,Rx,1,8,06,A0,26,A0,7F,FE,06,7F,
231223858,0000019C,false,Rx,1,8,06,A0,26,A0,7F,FE,07,7F,
231232287,0000019C,false,Rx,1,8,06,A0,26,A0,7F,FE,08,7F,
231244233,0000019C,false,Rx,1,8,06,A0,26,A0,7F,FE,09,7F,
231294452,0000019C,false,Rx,1,8,06,A0,26,A0,7F,FF,0E,7F,
231312311,0000019C,false,Rx,1,8,06,A0,26,A0,7F,FF,00,7F,
231323873,0000019C,false,Rx,1,8,06,A0,26,9F,7F,FE,01,7F,
231332318,0000019C,false,Rx,1,8,06,A0,26,9F,7F,FF,02,7F,
231372345,0000019C,false,Rx,1,8,06,A0,26,9F,7F,FE,06,7F,
231394426,0000019C,false,Rx,1,8,06,A0,26,9F,7F,FE,08,7F,
231463983,0000019C,false,Rx,1,8,06,A0,26,A0,7F,FF,0F,7F,
231474478,0000019C,false,Rx,1,8,06,A0,26,9F,7F,FE,00,7F,
231483951,0000019C,false,Rx,1,8,06,A0,26,9F,7F,FE,01,7F,
231494449,0000019C,false,Rx,1,8,06,A0,26,9F,7F,FF,02,7F,
231523847,0000019C,false,Rx,1,8,06,A0,26,A0,7F,FF,05,7F,
231564035,0000019C,false,Rx,1,8,06,A0,26,9F,7F,FE,09,7F,
231584009,0000019C,false,Rx,1,8,06,A0,26,A0,7F,FE,0B,7F,
231594332,0000019C,false,Rx,1,8,06,A0,26,A0,7F,FE,0C,7F,
231612299,0000019C,false,Rx,1,8,06,A0,26,9F,7F,FE,0E,7F,
231644251,0000019C,false,Rx,1,8,06,A0,26,9F,7F,FF,01,7F,
231694449,0000019C,false,Rx,1,8,06,A0,26,9F,7F,FF,06,7F,
231744450,0000019C,false,Rx,1,8,06,A0,26,9F,7F,FE,0B,7F,
231754381,0000019C,false,Rx,1,8,06,A0,26,9F,7F,FF,0C,7F,
231784008,0000019C,false,Rx,1,8,06,A0,26,9F,7F,FE,0F,7F,
231794422,0000019C,false,Rx,1,8,06,A0,26,9F,7F,FF,00,7F,
231812313,0000019C,false,Rx,1,8,06,A0,26,9F,7F,FF,02,7F,
231823870,0000019C,false,Rx,1,8,06,A0,26,9F,7F,FE,03,7F,
231832305,0000019C,false,Rx,1,8,06,A0,26,9F,7F,FF,04,7F,
231844245,0000019C,false,Rx,1,8,06,A0,26,9F,7F,FF,05,7F,
231894440,0000019C,false,Rx,1,8,06,A0,26,9F,7F,FF,0A,7F,
231944465,0000019C,false,Rx,1,8,06,A0,26,A0,7F,FE,0F,7F,
231964046,0000019C,false,Rx,1,8,06,A0,26,A0,7F,FE,01,7F,
231972330,0000019C,false,Rx,1,8,06,A0,26,A0,7F,FE,02,7F,
231984014,0000019C,false,Rx,1,8,06,A0,26,A0,7F,FF,03,7F,
231994439,0000019C,false,Rx,1,8,06,A0,26,A0,7F,FE,04,7F,
232004092,0000019C,false,Rx,1,8,06,A0,26,A0,7F,FE,05,7F,
232054439,0000019C,false,Rx,1,8,06,A0,26,A0,7F,FE,0A,7F,
232072288,0000019C,false,Rx,1,8,06,A0,26,A0,7F,FE,0C,7F,
232094472,0000019C,false,Rx,1,8,06,A0,26,A0,7F,FE,0E,7F,
232112315,0000019C,false,Rx,1,8,06,A0,26,9F,7F,FE,00,7F,
232132319,0000019C,false,Rx,1,8,06,A0,26,9F,7F,FE,02,7F,
232194435,0000019C,false,Rx,1,8,06,A0,26,A0,7F,FF,08,7F,
232223934,0000019C,false,Rx,1,8,06,A0,26,A0,7F,FF,0B,7F,
232254440,0000019C,false,Rx,1,8,06,A0,26,9F,7F,FE,0E,7F,
232272322,0000019C,false,Rx,1,8,06,A0,26,A0,7F,FF,00,7F,
232294461,0000019C,false,Rx,1,8,06,A0,26,9F,7F,FF,02,7F,
232312313,0000019C,false,Rx,1,8,06,A0,26,A0,7F,FF,04,7F,
232344457,0000019C,false,Rx,1,8,06,A0,26,A0,7F,FE,07,7F,
232354396,0000019C,false,Rx,1,8,06,A0,26,A0,7F,FF,08,7F,
232384004,0000019C,false,Rx,1,8,06,A0,26,A0,7F,FF,0B,7F,
232394457,0000019C,false,Rx,1,8,06,A0,26,A0,7F,FE,0C,7F,
232454416,0000019C,false,Rx,1,8,06,A0,26,A0,7F,FF,02,7F,
232464101,0000019C,false,Rx,1,8,06,A0,26,A0,7F,FF,03,7F,
232494428,0000019C,false,Rx,1,8,06,A0,26,A0,7F,FF,06,7F,
232574489,0000019C,false,Rx,1,8,06,A0,26,9F,7F,FF,0E,7F,
232584048,0000019C,false,Rx,1,8,06,A0,26,A0,7F,FF,0F,7F,
232594444,0000019C,false,Rx,1,8,06,A0,26,9F,7F,FF,00,7F,
232623916,0000019C,false,Rx,1,8,06,A0,26,A0,7F,FE,03,7F,
232654424,0000019C,false,Rx,1,8,06,A0,26,A0,7F,FF,06,7F,
232684055,0000019C,false,Rx,1,8,06,A0,26,A0,7F,FF,09,7F,
232694436,0000019C,false,Rx,1,8,06,A0,26,A0,7F,FE,0A,7F,
232754464,0000019C,false,Rx,1,8,06,A0,26,A0,7F,FE,00,7F,
232764321,0000019C,false,Rx,1,8,06,A0,26,A0,7F,FF,01,7F,
232794446,0000019C,false,Rx,1,8,06,A0,26,A0,7F,FF,04,7F,
232804135,0000019C,false,Rx,1,8,06,A0,26,A0,7F,FF,05,7F,
232812337,0000019C,false,Rx,1,8,06,A0,26,A0,7F,FF,06,7F,
232844496,0000019C,false,Rx,1,8,06,A0,26,A0,7F,FF,09,7F,
232872308,0000019C,false,Rx,1,8,06,A0,26,A0,7F,FF,0C,7F,
232884050,0000019C,false,Rx,1,8,06,A0,26,A0,7F,FF,0D,7F,
232912785,0000019C,false,Rx,1,8,06,A0,26,9F,7F,FE,00,7F,
232994444,0000019C,false,Rx,1,8,06,A0,26,A0,7F,FF,08,7F,
233012305,0000019C,false,Rx,1,8,06,A0,26,A0,7F,FE,0A,7F,
233094467,0000019C,false,Rx,1,8,06,A0,26,9F,7F,FE,02,7F,
233154429,0000019C,false,Rx,1,8,06,A0,26,9F,7F,FF,08,7F,
233184103,0000019C,false,Rx,1,8,06,A0,26,9F,7F,FE,0B,7F,
233223990,0000019C,false,Rx,1,8,06,A0,26,A0,7F,FE,0F,7F,
233244490,0000019C,false,Rx,1,8,06,A0,26,A0,7F,FF,01,7F,
233264316,0000019C,false,Rx,1,8,06,A0,26,9F,7F,FE,03,7F,
233294453,0000019C,false,Rx,1,8,06,A0,26,A0,7F,FF,06,7F,
233323952,0000019C,false,Rx,1,8,06,A0,26,A0,7F,FF,09,7F,
233394449,0000019C,false,Rx,1,8,06,A0,26,9F,7F,FE,00,7F,
233412340,0000019C,false,Rx,1,8,06,A0,26,A0,7F,FF,02,7F,
233494450,0000019C,false,Rx,1,8,06,A0,26,9F,7F,FF,0A,7F,
233532332,0000019C,false,Rx,1,8,06,A0,26,A0,7F,FE,0E,7F,
233554483,0000019C,false,Rx,1,8,06,A0,26,A0,7F,FF,00,7F,
233572325,0000019C,false,Rx,1,8,06,A0,26,9F,7F,FE,02,7F,
233584110,0000019C,false,Rx,1,8,06,A0,26,9F,7F,FF,03,7F,
233592797,0000019C,false,Rx,1,8,06,A0,26,A0,7F,FE,04,7F,
233664355,0000019C,false,Rx,1,8,06,A0,26,9F,7F,FE,0B,7F,
233694464,0000019C,false,Rx,1,8,06,A0,26,9F,7F,FF,0E,7F,
233724019,0000019C,false,Rx,1,8,06,A0,26,9F,7F,FE,01,7F,
233792801,0000019C,false,Rx,1,8,06,A0,26,A0,7F,FE,08,7F,
233812332,0000019C,false,Rx,1,8,06,A0,26,9F,7F,FF,0A,7F,
233832805,0000019C,false,Rx,1,8,06,A0,26,9F,7F,FF,0C,7F,
233912296,0000019C,false,Rx,1,8,06,A0,26,A0,7F,FE,04,7F,
234223981,0000019C,false,Rx,1,8,06,A0,26,A0,7F,FE,03,7F,
234232778,0000019C,false,Rx,1,8,06,A0,26,A0,7F,FF,04,7F,
234244465,0000019C,false,Rx,1,8,06,A0,26,A0,7F,FE,05,7F,
234264443,0000019C,false,Rx,1,8,06,A0,26,A0,7F,FE,07,7F,
234294454,0000019C,false,Rx,1,8,06,A0,26,A0,7F,FE,0A,7F,
234484156,0000019C,false,Rx,1,8,06,A0,26,A0,7F,FF,0D,7F,
234504233,0000019C,false,Rx,1,8,06,A0,26,A0,7F,FF,0F,7F,
234512819,0000019C,false,Rx,1,8,06,A0,26,9F,7F,FE,00,7F,
234654556,0000019C,false,Rx,1,8,06,A0,26,9F,7F,FF,0E,7F,
234684172,0000019C,false,Rx,1,8,06,A0,26,A0,7F,FF,01,7F,
234694491,0000019C,false,Rx,1,8,06,A0,26,9F,7F,FE,02,7F,
234704253,0000019C,false,Rx,1,8,06,A0,26,9F,7F,FE,03,7F,
234832842,0000019C,false,Rx,1,8,06,A0,26,9F,7F,FE,00,7F,
234844538,0000019C,false,Rx,1,8,06,A0,26,9F,7F,FF,01,7F,
234884144,0000019C,false,Rx,1,8,06,A0,26,9F,7F,FF,05,7F,
234972847,0000019C,false,Rx,1,8,06,A0,26,9F,7F,FF,0E,7F,
234984225,0000019C,false,Rx,1,8,06,A0,26,9F,7F,FE,0F,7F,
234992815,0000019C,false,Rx,1,8,06,A0,26,9F,7F,FF,00,7F,
235094691,0000019C,false,Rx,1,8,06,A0,26,9F,7F,FE,0A,7F,
235112804,0000019C,false,Rx,1,8,06,A0,26,A0,7F,FE,0C,7F,
235124029,0000019C,false,Rx,1,8,06,A0,26,A0,7F,FF,0D,7F,
235132811,0000019C,false,Rx,1,8,06,A0,26,A0,7F,FF,0E,7F,
235172822,0000019C,false,Rx,1,8,06,A0,26,9F,7F,FF,02,7F,
235194703,0000019C,false,Rx,1,8,06,A0,26,9F,7F,FF,04,7F,
235232796,0000019C,false,Rx,1,8,06,A0,26,A0,7F,FE,08,7F,
235254651,0000019C,false,Rx,1,8,06,A0,26,A0,7F,FF,0A,7F,
235284200,0000019C,false,Rx,1,8,06,A0,26,A0,7F,FE,0D,7F,
235312811,0000019C,false,Rx,1,8,06,A0,26,A0,7F,FE,00,7F,
235344477,0000019C,false,Rx,1,8,06,A0,26,A0,7F,FE,03,7F,
235372822,0000019C,false,Rx,1,8,06,A0,26,A0,7F,FE,06,7F,
235412836,0000019C,false,Rx,1,8,06,A0,26,A0,7F,FE,0A,7F,
235494716,0000019C,false,Rx,1,8,06,A0,26,9F,7F,FF,02,7F,
235544504,0000019C,false,Rx,1,8,06,A0,26,A0,7F,FF,07,7F,
235564268,0000019C,false,Rx,1,8,06,A0,26,A0,7F,FF,09,7F,
235572811,0000019C,false,Rx,1,8,06,A0,26,A0,7F,FF,0A,7F,
235584213,0000019C,false,Rx,1,8,06,A0,26,9F,7F,FF,0B,7F,
235604320,0000019C,false,Rx,1,8,06,A0,26,9F,7F,FF,0D,7F,
235613320,0000019C,false,Rx,1,8,06,A0,26,9F,7F,FE,0E,7F,
235624133,0000019C,false,Rx,1,8,06,A0,26,A0,7F,FF,0F,7F,
235644493,0000019C,false,Rx,1,8,06,A0,26,A0,7F,FE,01,7F,
235692732,0000019C,false,Rx,1,8,06,A0,26,A0,7F,FF,06,7F,
235712450,0000019C,false,Rx,1,8,06,A0,26,A0,7F,FF,08,7F,
235794704,0000019C,false,Rx,1,8,06,A0,26,A0,7F,FE,00,7F,
235844493,0000019C,false,Rx,1,8,06,A0,26,9F,7F,FF,05,7F,
235904335,0000019C,false,Rx,1,8,06,A0,26,9F,7F,FF,0B,7F,
235932806,0000019C,false,Rx,1,8,06,A0,26,9F,7F,FF,0E,7F,
235954598,0000019C,false,Rx,1,8,06,A0,26,A0,7F,FE,00,7F,
235974569,0000019C,false,Rx,1,8,06,A0,26,A0,7F,FF,02,7F,
236012804,0000019C,false,Rx,1,8,06,A0,26,A0,7F,FE,06,7F,
236054615,0000019C,false,Rx,1,8,06,A0,26,A0,7F,FE,0A,7F,
236064310,0000019C,false,Rx,1,8,06,A0,26,9F,7F,FE,0B,7F,
236164494,0000019C,false,Rx,1,8,06,A0,26,A0,7F,FF,05,7F,
236172816,0000019C,false,Rx,1,8,06,A0,26,9F,7F,FE,06,7F,
236184257,0000019C,false,Rx,1,8,06,A0,26,9F,7F,FF,07,7F,
236204344,0000019C,false,Rx,1,8,06,A0,26,A0,7F,FF,09,7F,
236224142,0000019C,false,Rx,1,8,06,A0,26,A0,7F,FF,0B,7F,
236232806,0000019C,false,Rx,1,8,06,A0,26,A0,7F,FE,0C,7F,
236264571,0000019C,false,Rx,1,8,06,A0,26,A0,7F,FF,0F,7F,
236272854,0000019C,false,Rx,1,8,06,A0,26,A0,7F,FF,00,7F,
236294714,0000019C,false,Rx,1,8,06,A0,26,A0,7F,FE,02,7F,
236312808,0000019C,false,Rx,1,8,06,A0,26,A0,7F,FF,04,7F,
236364321,0000019C,false,Rx,1,8,06,A0,26,A0,7F,FE,09,7F,
236504354,0000019C,false,Rx,1,8,06,A0,26,9F,7F,FF,07,7F,
236524151,0000019C,false,Rx,1,8,06,A0,26,A0,7F,FE,09,7F,
236532806,0000019C,false,Rx,1,8,06,A0,26,A0,7F,FE,0A,7F,
236564550,0000019C,false,Rx,1,8,06,A0,26,A0,7F,FE,0D,7F,
236604413,0000019C,false,Rx,1,8,06,A0,26,9F,7F,FF,01,7F,
236624208,0000019C,false,Rx,1,8,06,A0,26,A0,7F,FE,03,7F,
236664567,0000019C,false,Rx,1,8,06,A0,26,A0,7F,FF,07,7F,
236672812,0000019C,false,Rx,1,8,06,A0,26,A0,7F,FE,08,7F,
236772827,0000019C,false,Rx,1,8,06,A0,26,9F,7F,FE,02,7F,
236804401,0000019C,false,Rx,1,8,06,A0,26,9F,7F,FF,05,7F,
236872816,0000019C,false,Rx,1,8,06,A0,26,A0,7F,FF,0C,7F,
236924192,0000019C,false,Rx,1,8,06,A0,26,9F,7F,FE,01,7F,
236972868,0000019C,false,Rx,1,8,06,A0,26,A0,7F,FF,06,7F,
236984313,0000019C,false,Rx,1,8,06,A0,26,A0,7F,FE,07,7F,
236994758,0000019C,false,Rx,1,8,06,A0,26,A0,7F,FF,08,7F,
237064583,0000019C,false,Rx,1,8,06,A0,26,A0,7F,FE,0F,7F,
237084331,0000019C,false,Rx,1,8,06,A0,26,9F,7F,FF,01,7F,
237112994,0000019C,false,Rx,1,8,06,A0,26,A0,7F,FE,04,7F,
237144678,0000019C,false,Rx,1,8,06,A0,26,A0,7F,FE,07,7F,
237154689,0000019C,false,Rx,1,8,06,A0,26,A0,7F,FE,08,7F,
237164602,0000019C,false,Rx,1,8,06,A0,26,A0,7F,FF,09,7F,
237172822,0000019C,false,Rx,1,8,06,A0,26,A0,7F,FE,0A,7F,
237184358,0000019C,false,Rx,1,8,06,A0,26,A0,7F,FE,0B,7F,
237193056,0000019C,false,Rx,1,8,06,A0,26,A0,7F,FF,0C,7F,
237272814,0000019C,false,Rx,1,8,06,A0,26,9F,7F,FF,04,7F,
237312810,0000019C,false,Rx,1,8,06,A0,26,9F,7F,FF,08,7F,
237332808,0000019C,false,Rx,1,8,06,A0,26,9F,7F,FF,0A,7F,
237354721,0000019C,false,Rx,1,8,06,A0,26,A0,7F,FF,0C,7F,
237372815,0000019C,false,Rx,1,8,06,A0,26,9F,7F,FE,0E,7F,
237393062,0000019C,false,Rx,1,8,06,A0,26,9F,7F,FE,00,7F,
237414640,0000019C,false,Rx,1,8,06,A0,26,9F,7F,FE,02,7F,
237424227,0000019C,false,Rx,1,8,06,A0,26,9F,7F,FF,03,7F,
237433048,0000019C,false,Rx,1,8,06,A0,26,9F,7F,FF,04,7F,
237472798,0000019C,false,Rx,1,8,06,A0,26,9F,7F,FE,08,7F,
237504430,0000019C,false,Rx,1,8,06,A0,26,A0,7F,FF,0B,7F,
237533030,0000019C,false,Rx,1,8,06,A0,26,9F,7F,FE,0E,7F,
237564346,0000019C,false,Rx,1,8,06,A0,26,A0,7F,FF,01,7F,
237644483,0000019C,false,Rx,1,8,06,A0,26,9F,7F,FE,09,7F,
237704439,0000019C,false,Rx,1,8,06,A0,26,A0,7F,FF,0F,7F,
237724291,0000019C,false,Rx,1,8,06,A0,26,A0,7F,FF,01,7F,
237794919,0000019C,false,Rx,1,8,06,A0,26,9F,7F,FE,08,7F,
237833030,0000019C,false,Rx,1,8,06,A0,26,A0,7F,FE,0C,7F,
237864440,0000019C,false,Rx,1,8,06,A0,26,A0,7F,FF,0F,7F,
237872811,0000019C,false,Rx,1,8,06,A0,26,9F,7F,FF,00,7F,
237904439,0000019C,false,Rx,1,8,06,A0,26,A0,7F,FE,03,7F,
237933044,0000019C,false,Rx,1,8,06,A0,26,9F,7F,FF,06,7F,
237973050,0000019C,false,Rx,1,8,06,A0,26,A0,7F,FF,0A,7F,
237993027,0000019C,false,Rx,1,8,06,A0,26,9F,7F,FE,0C,7F,
238064429,0000019C,false,Rx,1,8,06,A0,26,9F,7F,FE,03,7F,
238093038,0000019C,false,Rx,1,8,06,A0,26,9F,7F,FE,06,7F,
238124254,0000019C,false,Rx,1,8,06,A0,26,9F,7F,FE,09,7F,
238133040,0000019C,false,Rx,1,8,06,A0,26,9F,7F,FF,0A,7F,
238195187,0000019C,false,Rx,1,8,06,A0,26,9F,7F,FE,00,7F,
238273044,0000019C,false,Rx,1,8,06,A0,26,9F,7F,FE,08,7F,
238314929,0000019C,false,Rx,1,8,06,A0,26,A0,7F,FF,0C,7F,
238384365,0000019C,false,Rx,1,8,06,A0,26,9F,7F,FF,03,7F,
238393040,0000019C,false,Rx,1,8,06,A0,26,9F,7F,FF,04,7F,
238514929,0000019C,false,Rx,1,8,06,A0,26,9F,7F,FE,00,7F,
238573301,0000019C,false,Rx,1,8,06,A0,26,A0,7F,FF,06,7F,
238584431,0000019C,false,Rx,1,8,06,A0,26,A0,7F,FF,07,7F,
238595165,0000019C,false,Rx,1,8,06,A0,26,A0,7F,FE,08,7F,
238644468,0000019C,false,Rx,1,8,06,A0,26,A0,7F,FF,0D,7F,
238695160,0000019C,false,Rx,1,8,06,A0,26,9F,7F,FE,02,7F,
238713291,0000019C,false,Rx,1,8,06,A0,26,9F,7F,FE,04,7F,
238724292,0000019C,false,Rx,1,8,06,A0,26,9F,7F,FF,05,7F,
238733287,0000019C,false,Rx,1,8,06,A0,26,A0,7F,FE,06,7F,
238744483,0000019C,false,Rx,1,8,06,A0,26,A0,7F,FF,07,7F,
238784436,0000019C,false,Rx,1,8,06,A0,26,A0,7F,FE,0B,7F,
238795159,0000019C,false,Rx,1,8,06,A0,26,A0,7F,FF,0C,7F,
238984443,0000019C,false,Rx,1,8,06,A0,26,9F,7F,FF,0F,7F,
239004471,0000019C,false,Rx,1,8,06,A0,26,9F,7F,FF,01,7F,
239035209,0000019C,false,Rx,1,8,06,A0,26,9F,7F,FE,04,7F,
239073294,0000019C,false,Rx,1,8,06,A0,26,9F,7F,FF,08,7F,
239084426,0000019C,false,Rx,1,8,06,A0,26,9F,7F,FE,09,7F,
239095175,0000019C,false,Rx,1,8,06,A0,26,9F,7F,FF,0A,7F,
239104479,0000019C,false,Rx,1,8,06,A0,26,9F,7F,FF,0B,7F,
239113280,0000019C,false,Rx,1,8,06,A0,26,A0,7F,FF,0C,7F,
239133292,0000019C,false,Rx,1,8,06,A0,26,9F,7F,FE,0E,7F,
239144736,0000019C,false,Rx,1,8,06,A0,26,A0,7F,FF,0F,7F,
239173315,0000019C,false,Rx,1,8,06,A0,26,A0,7F,FF,02,7F,
239193277,0000019C,false,Rx,1,8,06,A0,26,A0,7F,FE,04,7F,
239204706,0000019C,false,Rx,1,8,06,A0,26,A0,7F,FF,05,7F,
239244704,0000019C,false,Rx,1,8,06,A0,26,9F,7F,FE,09,7F,
239255218,0000019C,false,Rx,1,8,06,A0,26,9F,7F,FF,0A,7F,
239273317,0000019C,false,Rx,1,8,06,A0,26,9F,7F,FF,0C,7F,
239304545,0000019C,false,Rx,1,8,06,A0,26,9F,7F,FF,0F,7F,
239313311,0000019C,false,Rx,1,8,06,A0,26,9F,7F,FF,00,7F,
239333291,0000019C,false,Rx,1,8,06,A0,26,9F,7F,FE,02,7F,
239373297,0000019C,false,Rx,1,8,06,A0,26,9F,7F,FF,06,7F,
239433286,0000019C,false,Rx,1,8,06,A0,26,A0,7F,FF,0C,7F,
239473310,0000019C,false,Rx,1,8,06,A0,26,A0,7F,FE,00,7F,
239484680,0000019C,false,Rx,1,8,06,A0,26,A0,7F,FE,01,7F,
239555306,0000019C,false,Rx,1,8,06,A0,26,9F,7F,FF,08,7F,
239564697,0000019C,false,Rx,1,8,06,A0,26,9F,7F,FE,09,7F,
239644753,0000019C,false,Rx,1,8,06,A0,26,9F,7F,FE,01,7F,
239673298,0000019C,false,Rx,1,8,06,A0,26,9F,7F,FF,04,7F,
239684668,0000019C,false,Rx,1,8,06,A0,26,9F,7F,FF,05,7F,
239695433,0000019C,false,Rx,1,8,06,A0,26,9F,7F,FF,06,7F,
239764703,0000019C,false,Rx,1,8,06,A0,26,A0,7F,FF,0D,7F,
239784692,0000019C,false,Rx,1,8,06,A0,26,A0,7F,FF,0F,7F,
239804696,0000019C,false,Rx,1,8,06,A0,26,9F,7F,FF,01,7F,
239813298,0000019C,false,Rx,1,8,06,A0,26,9F,7F,FE,02,7F,
239844971,0000019C,false,Rx,1,8,06,A0,26,A0,7F,FE,05,7F,
239935319,0000019C,false,Rx,1,8,06,A0,26,9F,7F,FE,0E,7F,
239944846,0000019C,false,Rx,1,8,06,A0,26,9F,7F,FF,0F,7F,
239955327,0000019C,false,Rx,1,8,06,A0,26,A0,7F,FF,00,7F,
239984676,0000019C,false,Rx,1,8,06,A0,26,9F,7F,FF,03,7F,
239995419,0000019C,false,Rx,1,8,06,A0,26,A0,7F,FF,04,7F,
240013055,0000019C,false,Rx,1,8,06,A0,26,A0,7F,FF,06,7F,
240044979,0000019C,false,Rx,1,8,06,A0,26,A0,7F,FE,09,7F,
240073054,0000019C,false,Rx,1,8,06,A0,26,A0,7F,FE,0C,7F,
240124670,0000019C,false,Rx,1,8,06,A0,26,9F,7F,FF,01,7F,
240135315,0000019C,false,Rx,1,8,06,A0,26,9F,7F,FF,02,7F,
240145052,0000019C,false,Rx,1,8,06,A0,26,A0,7F,FE,03,7F,
240204721,0000019C,false,Rx,1,8,06,A0,26,9F,7F,FF,09,7F,
240273076,0000019C,false,Rx,1,8,06,A0,26,9F,7F,FF,00,7F,
240315295,0000019C,false,Rx,1,8,06,A0,26,9F,7F,FF,04,7F,
240373064,0000019C,false,Rx,1,8,06,A0,26,9F,7F,FF,0A,7F,
240384696,0000019C,false,Rx,1,8,06,A0,26,A0,7F,FE,0B,7F,
240395434,0000019C,false,Rx,1,8,06,A0,26,A0,7F,FE,0C,7F,
240424693,0000019C,false,Rx,1,8,06,A0,26,9F,7F,FF,0F,7F,
240464716,0000019C,false,Rx,1,8,06,A0,26,A0,7F,FE,03,7F,
240495422,0000019C,false,Rx,1,8,06,A0,26,A0,7F,FF,06,7F,
240555336,0000019C,false,Rx,1,8,06,A0,26,A0,7F,FF,0C,7F,
240573067,0000019C,false,Rx,1,8,06,A0,26,A0,7F,FF,0E,7F,
240655331,0000019C,false,Rx,1,8,06,A0,26,9F,7F,FE,06,7F,
240715291,0000019C,false,Rx,1,8,06,A0,26,9F,7F,FE,0C,7F,
240724950,0000019C,false,Rx,1,8,06,A0,26,9F,7F,FE,0D,7F,
240755353,0000019C,false,Rx,1,8,06,A0,26,9F,7F,FF,00,7F,
240795604,0000019C,false,Rx,1,8,06,A0,26,A0,7F,FF,04,7F,
240804984,0000019C,false,Rx,1,8,06,A0,26,A0,7F,FE,05,7F,
240855337,0000019C,false,Rx,1,8,06,A0,26,A0,7F,FF,0A,7F,
240873208,0000019C,false,Rx,1,8,06,A0,26,A0,7F,FF,0C,7F,
240964961,0000019C,false,Rx,1,8,06,A0,26,A0,7F,FF,05,7F,
240973235,0000019C,false,Rx,1,8,06,A0,26,A0,7F,FE,06,7F,
241015355,0000019C,false,Rx,1,8,06,A0,26,A0,7F,FE,0A,7F,
241045358,0000019C,false,Rx,1,8,06,A0,26,A0,7F,FF,0D,7F,
241055345,0000019C,false,Rx,1,8,06,A0,26,A0,7F,FF,0E,7F,
241073684,0000019C,false,Rx,1,8,06,A0,26,9F,7F,FF,00,7F,
241173216,0000019C,false,Rx,1,8,06,A0,26,9F,7F,FF,0A,7F,
241195362,0000019C,false,Rx,1,8,06,A0,26,A0,7F,FF,0C,7F,
241255358,0000019C,false,Rx,1,8,06,A0,26,9F,7F,FE,02,7F,
241265207,0000019C,false,Rx,1,8,06,A0,26,9F,7F,FF,03,7F,
241275337,0000019C,false,Rx,1,8,06,A0,26,9F,7F,FE,04,7F,
241284481,0000019C,false,Rx,1,8,06,A0,26,9F,7F,FF,05,7F,
241324505,0000019C,false,Rx,1,8,06,A0,26,A0,7F,FF,09,7F,
241345194,0000019C,false,Rx,1,8,06,A0,26,A0,7F,FF,0B,7F,
241464496,0000019C,false,Rx,1,8,06,A0,26,9F,7F,FE,07,7F,
241595568,0000019C,false,Rx,1,8,06,A0,26,9F,7F,FE,04,7F,
241604764,0000019C,false,Rx,1,8,06,A0,26,9F,7F,FF,05,7F,
241615352,0000019C,false,Rx,1,8,06,A0,26,9F,7F,FF,06,7F,
241655362,0000019C,false,Rx,1,8,06,A0,26,A0,7F,FF,0A,7F,
241755376,0000019C,false,Rx,1,8,06,A0,26,A0,7F,FF,04,7F,
241795581,0000019C,false,Rx,1,8,06,A0,26,9F,7F,FE,08,7F,
241873236,0000019C,false,Rx,1,8,06,A0,26,A0,7F,FE,00,7F,
241924515,0000019C,false,Rx,1,8,06,A0,26,A0,7F,FE,05,7F,
241995570,0000019C,false,Rx,1,8,06,A0,26,A0,7F,FE,0C,7F,
242013703,0000019C,false,Rx,1,8,06,A0,26,9F,7F,FF,0E,7F,
242044776,0000019C,false,Rx,1,8,06,A0,26,9F,7F,FF,01,7F,
242095581,0000019C,false,Rx,1,8,06,A0,26,9F,7F,FE,06,7F,
242124518,0000019C,false,Rx,1,8,06,A0,26,9F,7F,FF,09,7F,
242204796,0000019C,false,Rx,1,8,06,A0,26,9F,7F,FE,01,7F,
242215159,0000019C,false,Rx,1,8,06,A0,26,9F,7F,FE,02,7F,
242224528,0000019C,false,Rx,1,8,06,A0,26,9F,7F,FE,03,7F,
242273744,0000019C,false,Rx,1,8,06,A0,26,9F,7F,FE,08,7F,
242295332,0000019C,false,Rx,1,8,06,A0,26,9F,7F,FE,0A,7F,
242315163,0000019C,false,Rx,1,8,06,A0,26,9F,7F,FF,0C,7F,
242324538,0000019C,false,Rx,1,8,06,A0,26,9F,7F,FF,0D,7F,
242333215,0000019C,false,Rx,1,8,06,A0,26,9F,7F,FF,0E,7F,
242344775,0000019C,false,Rx,1,8,06,A0,26,A0,7F,FF,0F,7F,
242364776,0000019C,false,Rx,1,8,06,A0,26,A0,7F,FE,01,7F,
242373222,0000019C,false,Rx,1,8,06,A0,26,A0,7F,FF,02,7F,
242433722,0000019C,false,Rx,1,8,06,A0,26,A0,7F,FE,08,7F,
242495341,0000019C,false,Rx,1,8,06,A0,26,9F,7F,FE,0E,7F,
242673218,0000019C,false,Rx,1,8,06,A0,26,9F,7F,FF,00,7F,
242713744,0000019C,false,Rx,1,8,06,A0,26,A0,7F,FF,04,7F,
242773340,0000019C,false,Rx,1,8,06,A0,26,A0,7F,FF,0A,7F,
242813753,0000019C,false,Rx,1,8,06,A0,26,9F,7F,FF,0E,7F,
242824552,0000019C,false,Rx,1,8,06,A0,26,9F,7F,FF,0F,7F,
242844923,0000019C,false,Rx,1,8,06,A0,26,9F,7F,FF,01,7F,
242873770,0000019C,false,Rx,1,8,06,A0,26,9F,7F,FF,04,7F,
242884763,0000019C,false,Rx,1,8,06,A0,26,A0,7F,FF,05,7F,
242913195,0000019C,false,Rx,1,8,06,A0,26,9F,7F,FE,08,7F,
242924539,0000019C,false,Rx,1,8,06,A0,26,9F,7F,FF,09,7F,
242933304,0000019C,false,Rx,1,8,06,A0,26,9F,7F,FE,0A,7F,
242953735,0000019C,false,Rx,1,8,06,A0,26,9F,7F,FE,0C,7F,
242973316,0000019C,false,Rx,1,8,06,A0,26,9F,7F,FF,0E,7F,
243024545,0000019C,false,Rx,1,8,06,A0,26,9F,7F,FE,03,7F,
243033310,0000019C,false,Rx,1,8,06,A0,26,9F,7F,FF,04,7F,
243064790,0000019C,false,Rx,1,8,06,A0,26,9F,7F,FF,07,7F,
243103814,0000019C,false,Rx,1,8,06,A0,26,9F,7F,FF,0B,7F,
243124551,0000019C,false,Rx,1,8,06,A0,26,9F,7F,FF,0D,7F,
243195199,0000019C,false,Rx,1,8,06,A0,26,9F,7F,FE,04,7F,
243203830,0000019C,false,Rx,1,8,06,A0,26,9F,7F,FF,05,7F,
243224543,0000019C,false,Rx,1,8,06,A0,26,9F,7F,FE,07,7F,
243244940,0000019C,false,Rx,1,8,06,A0,26,9F,7F,FE,09,7F,
243253743,0000019C,false,Rx,1,8,06,A0,26,9F,7F,FF,0A,7F,
243273771,0000019C,false,Rx,1,8,06,A0,26,A0,7F,FF,0C,7F,
243284777,0000019C,false,Rx,1,8,06,A0,26,A0,7F,FF,0D,7F,
243333326,0000019C,false,Rx,1,8,06,A0,26,A0,7F,FF,02,7F,
243344884,0000019C,false,Rx,1,8,06,A0,26,A0,7F,FF,03,7F,
243364795,0000019C,false,Rx,1,8,06,A0,26,A0,7F,FF,05,7F,
243375188,0000019C,false,Rx,1,8,06,A0,26,A0,7F,FF,06,7F,
243384771,0000019C,false,Rx,1,8,06,A0,26,A0,7F,FF,07,7F,
243464808,0000019C,false,Rx,1,8,06,A0,26,9F,7F,FF,0F,7F,
243513771,0000019C,false,Rx,1,8,06,A0,26,A0,7F,FF,04,7F,
243533757,0000019C,false,Rx,1,8,06,A0,26,A0,7F,FE,06,7F,
243573327,0000019C,false,Rx,1,8,06,A0,26,9F,7F,FF,0A,7F,
243613772,0000019C,false,Rx,1,8,06,A0,26,A0,7F,FF,0E,7F,
243673316,0000019C,false,Rx,1,8,06,A0,26,9F,7F,FE,04,7F,
243684785,0000019C,false,Rx,1,8,06,A0,26,9F,7F,FE,05,7F,
243744918,0000019C,false,Rx,1,8,06,A0,26,A0,7F,FE,0B,7F,
243764803,0000019C,false,Rx,1,8,06,A0,26,9F,7F,FE,0D,7F,
243773318,0000019C,false,Rx,1,8,06,A0,26,A0,7F,FE,0E,7F,
243784792,0000019C,false,Rx,1,8,06,A0,26,A0,7F,FF,0F,7F,
243793297,0000019C,false,Rx,1,8,06,A0,26,9F,7F,FF,00,7F,
243824554,0000019C,false,Rx,1,8,06,A0,26,9F,7F,FE,03,7F,
243873307,0000019C,false,Rx,1,8,06,A0,26,A0,7F,FF,08,7F,
243884797,0000019C,false,Rx,1,8,06,A0,26,A0,7F,FE,09,7F,
243913777,0000019C,false,Rx,1,8,06,A0,26,A0,7F,FE,0C,7F,
243984792,0000019C,false,Rx,1,8,06,A0,26,9F,7F,FE,03,7F,
243993770,0000019C,false,Rx,1,8,06,A0,26,9F,7F,FE,04,7F,
244013783,0000019C,false,Rx,1,8,06,A0,26,9F,7F,FF,06,7F,
244024804,0000019C,false,Rx,1,8,06,A0,26,9F,7F,FF,07,7F,
244033316,0000019C,false,Rx,1,8,06,A0,26,9F,7F,FF,08,7F,
244073793,0000019C,false,Rx,1,8,06,A0,26,9F,7F,FE,0C,7F,
244084884,0000019C,false,Rx,1,8,06,A0,26,9F,7F,FF,0D,7F,
244113275,0000019C,false,Rx,1,8,06,A0,26,9F,7F,FE,00,7F,
244124823,0000019C,false,Rx,1,8,06,A0,26,9F,7F,FE,01,7F,
244144951,0000019C,false,Rx,1,8,06,A0,26,9F,7F,FF,03,7F,
244153767,0000019C,false,Rx,1,8,06,A0,26,9F,7F,FE,04,7F,
244173324,0000019C,false,Rx,1,8,06,A0,26,9F,7F,FF,06,7F,
244213276,0000019C,false,Rx,1,8,06,A0,26,9F,7F,FE,0A,7F,
244224829,0000019C,false,Rx,1,8,06,A0,26,A0,7F,FE,0B,7F,
244233306,0000019C,false,Rx,1,8,06,A0,26,9F,7F,FE,0C,7F,
244313287,0000019C,false,Rx,1,8,06,A0,26,9F,7F,FF,04,7F,
244324815,0000019C,false,Rx,1,8,06,A0,26,9F,7F,FF,05,7F,
244373329,0000019C,false,Rx,1,8,06,A0,26,9F,7F,FE,0A,7F,
244384805,0000019C,false,Rx,1,8,06,A0,26,9F,7F,FE,0B,7F,
244395443,0000019C,false,Rx,1,8,06,A0,26,A0,7F,FF,0C,7F,
244413301,0000019C,false,Rx,1,8,06,A0,26,9F,7F,FF,0E,7F,
244424833,0000019C,false,Rx,1,8,06,A0,26,9F,7F,FE,0F,7F,
244433782,0000019C,false,Rx,1,8,06,A0,26,9F,7F,FF,00,7F,
244464829,0000019C,false,Rx,1,8,06,A0,26,A0,7F,FF,03,7F,
244484804,0000019C,false,Rx,1,8,06,A0,26,9F,7F,FF,05,7F,
244513278,0000019C,false,Rx,1,8,06,A0,26,9F,7F,FF,08,7F,
244524833,0000019C,false,Rx,1,8,06,A0,26,9F,7F,FF,09,7F,
244573318,0000019C,false,Rx,1,8,06,A0,26,9F,7F,FF,0E,7F,
244624828,0000019C,false,Rx,1,8,06,A0,26,9F,7F,FF,03,7F,
244653808,0000019C,false,Rx,1,8,06,A0,26,9F,7F,FF,06,7F,
244673323,0000019C,false,Rx,1,8,06,A0,26,9F,7F,FE,08,7F,
244724825,0000019C,false,Rx,1,8,06,A0,26,9F,7F,FF,0D,7F,
244773336,0000019C,false,Rx,1,8,06,A0,26,9F,7F,FF,02,7F,
244803899,0000019C,false,Rx,1,8,06,A0,26,9F,7F,FF,05,7F,
244813803,0000019C,false,Rx,1,8,06,A0,26,9F,7F,FE,06,7F,
244824834,0000019C,false,Rx,1,8,06,A0,26,9F,7F,FF,07,7F,
244833329,0000019C,false,Rx,1,8,06,A0,26,9F,7F,FF,08,7F,
244873323,0000019C,false,Rx,1,8,06,A0,26,9F,7F,FE,0C,7F,
244944981,0000019C,false,Rx,1,8,06,A0,26,9F,7F,FF,03,7F,
244953794,0000019C,false,Rx,1,8,06,A0,26,A0,7F,FE,04,7F,
244973811,0000019C,false,Rx,1,8,06,A0,26,9F,7F,FF,06,7F,
244984823,0000019C,false,Rx,1,8,06,A0,26,9F,7F,FF,07,7F,
245013340,0000019C,false,Rx,1,8,06,A0,26,9F,7F,FF,0A,7F,
245024842,0000019C,false,Rx,1,8,06,A0,26,9F,7F,FF,0B,7F,
245033783,0000019C,false,Rx,1,8,06,A0,26,9F,7F,FF,0C,7F,
245063917,0000019C,false,Rx,1,8,06,A0,26,9F,7F,FF,0F,7F,
245073337,0000019C,false,Rx,1,8,06,A0,26,9F,7F,FF,00,7F,
245113335,0000019C,false,Rx,1,8,06,A0,26,A0,7F,FF,04,7F,
245124839,0000019C,false,Rx,1,8,06,A0,26,A0,7F,FE,05,7F,
245133783,0000019C,false,Rx,1,8,06,A0,26,A0,7F,FE,06,7F,
245144989,0000019C,false,Rx,1,8,06,A0,26,9F,7F,FF,07,7F,
245173830,0000019C,false,Rx,1,8,06,A0,26,A0,7F,FE,0A,7F,
245203905,0000019C,false,Rx,1,8,06,A0,26,9F,7F,FE,0D,7F,
245224859,0000019C,false,Rx,1,8,06,A0,26,9F,7F,FF,0F,7F,
245233808,0000019C,false,Rx,1,8,06,A0,26,9F,7F,FF,00,7F,
245264893,0000019C,false,Rx,1,8,06,A0,26,9F,7F,FE,03,7F,
245273814,0000019C,false,Rx,1,8,06,A0,26,9F,7F,FE,04,7F,
245284869,0000019C,false,Rx,1,8,06,A0,26,9F,7F,FE,05,7F,
245295451,0000019C,false,Rx,1,8,06,A0,26,9F,7F,FE,06,7F,
245313340,0000019C,false,Rx,1,8,06,A0,26,9F,7F,FF,08,7F,
245333797,0000019C,false,Rx,1,8,06,A0,26,9F,7F,FF,0A,7F,
245363883,0000019C,false,Rx,1,8,06,A0,26,9F,7F,FE,0D,7F,
245373363,0000019C,false,Rx,1,8,06,A0,26,9F,7F,FF,0E,7F,
245424845,0000019C,false,Rx,1,8,06,A0,26,A0,7F,FE,03,7F,
245433798,0000019C,false,Rx,1,8,06,A0,26,A0,7F,FE,04,7F,
245453799,0000019C,false,Rx,1,8,06,A0,26,A0,7F,FF,06,7F,
245463904,0000019C,false,Rx,1,8,06,A0,26,9F,7F,FE,07,7F,
245473373,0000019C,false,Rx,1,8,06,A0,26,9F,7F,FE,08,7F,
245483894,0000019C,false,Rx,1,8,06,A0,26,A0,7F,FE,09,7F,
245524856,0000019C,false,Rx,1,8,06,A0,26,A0,7F,FF,0D,7F,
245533812,0000019C,false,Rx,1,8,06,A0,26,A0,7F,FF,0E,7F,
245573830,0000019C,false,Rx,1,8,06,A0,26,A0,7F,FF,02,7F,
245595466,0000019C,false,Rx,1,8,06,A0,26,A0,7F,FE,04,7F,
245624852,0000019C,false,Rx,1,8,06,A0,26,A0,7F,FE,07,7F,
245633800,0000019C,false,Rx,1,8,06,A0,26,A0,7F,FF,08,7F,
245673834,0000019C,false,Rx,1,8,06,A0,26,A0,7F,FF,0C,7F,
245713838,0000019C,false,Rx,1,8,06,A0,26,A0,7F,FF,00,7F,
245724862,0000019C,false,Rx,1,8,06,A0,26,A0,7F,FE,01,7F,
245773388,0000019C,false,Rx,1,8,06,A0,26,A0,7F,FF,06,7F,
245813822,0000019C,false,Rx,1,8,06,A0,26,9F,7F,FE,0A,7F,
245824867,0000019C,false,Rx,1,8,06,A0,26,9F,7F,FE,0B,7F,
245833816,0000019C,false,Rx,1,8,06,A0,26,A0,7F,FF,0C,7F,
245845067,0000019C,false,Rx,1,8,06,A0,26,9F,7F,FE,0D,7F,
245873849,0000019C,false,Rx,1,8,06,A0,26,9F,7F,FF,00,7F,
245924868,0000019C,false,Rx,1,8,06,A0,26,A0,7F,FE,05,7F,
245933831,0000019C,false,Rx,1,8,06,A0,26,A0,7F,FF,06,7F,
245973404,0000019C,false,Rx,1,8,06,A0,26,A0,7F,FE,0A,7F,
245984901,0000019C,false,Rx,1,8,06,A0,26,9F,7F,FF,0B,7F,
245995452,0000019C,false,Rx,1,8,06,A0,26,9F,7F,FE,0C,7F,
246003990,0000019C,false,Rx,1,8,06,A0,26,9F,7F,FE,0D,7F,
246013399,0000019C,false,Rx,1,8,06,A0,26,A0,7F,FF,0E,7F,
246024873,0000019C,false,Rx,1,8,06,A0,26,9F,7F,FE,0F,7F,
246033852,0000019C,false,Rx,1,8,06,A0,26,9F,7F,FF,00,7F,
246063925,0000019C,false,Rx,1,8,06,A0,26,A0,7F,FE,03,7F,
246073847,0000019C,false,Rx,1,8,06,A0,26,A0,7F,FF,04,7F,
246103952,0000019C,false,Rx,1,8,06,A0,26,A0,7F,FF,07,7F,
246113415,0000019C,false,Rx,1,8,06,A0,26,A0,7F,FF,08,7F,
246124862,0000019C,false,Rx,1,8,06,A0,26,A0,7F,FE,09,7F,
246133837,0000019C,false,Rx,1,8,06,A0,26,9F,7F,FE,0A,7F,
246173851,0000019C,false,Rx,1,8,06,A0,26,9F,7F,FE,0E,7F,
246184937,0000019C,false,Rx,1,8,06,A0,26,9F,7F,FE,0F,7F,
246224879,0000019C,false,Rx,1,8,06,A0,26,A0,7F,FF,03,7F,
246233860,0000019C,false,Rx,1,8,06,A0,26,9F,7F,FF,04,7F,
246273408,0000019C,false,Rx,1,8,06,A0,26,A0,7F,FE,08,7F,
246283885,0000019C,false,Rx,1,8,06,A0,26,A0,7F,FE,09,7F,
246295446,0000019C,false,Rx,1,8,06,A0,26,A0,7F,FE,0A,7F,
246324871,0000019C,false,Rx,1,8,06,A0,26,A0,7F,FF,0D,7F,
246333868,0000019C,false,Rx,1,8,06,A0,26,9F,7F,FF,0E,7F,
246345094,0000019C,false,Rx,1,8,06,A0,26,A0,7F,FF,0F,7F,
246353880,0000019C,false,Rx,1,8,06,A0,26,A0,7F,FE,00,7F,
246373436,0000019C,false,Rx,1,8,06,A0,26,9F,7F,FF,02,7F,
246383927,0000019C,false,Rx,1,8,06,A0,26,9F,7F,FE,03,7F,
246403987,0000019C,false,Rx,1,8,06,A0,26,A0,7F,FF,05,7F,
246424871,0000019C,false,Rx,1,8,06,A0,26,A0,7F,FF,07,7F,
246433866,0000019C,false,Rx,1,8,06,A0,26,A0,7F,FF,08,7F,
246453892,0000019C,false,Rx,1,8,06,A0,26,A0,7F,FE,0A,7F,
246473445,0000019C,false,Rx,1,8,06,A0,26,9F,7F,FF,0C,7F,
246483890,0000019C,false,Rx,1,8,06,A0,26,9F,7F,FF,0D,7F,
246524890,0000019C,false,Rx,1,8,06,A0,26,9F,7F,FF,01,7F,
246545155,0000019C,false,Rx,1,8,06,A0,26,A0,7F,FE,03,7F,
246573867,0000019C,false,Rx,1,8,06,A0,26,A0,7F,FF,06,7F,
246603003,0000019C,false,Rx,1,8,06,A0,26,9F,7F,FF,09,7F,
246613858,0000019C,false,Rx,1,8,06,A0,26,9F,7F,FF,0A,7F,
246624883,0000019C,false,Rx,1,8,06,A0,26,9F,7F,FF,0B,7F,
246633882,0000019C,false,Rx,1,8,06,A0,26,A0,7F,FE,0C,7F,
246645168,0000019C,false,Rx,1,8,06,A0,26,A0,7F,FE,0D,7F,
246653872,0000019C,false,Rx,1,8,06,A0,26,9F,7F,FE,0E,7F,
246663959,0000019C,false,Rx,1,8,06,A0,26,9F,7F,FF,0F,7F,
246724881,0000019C,false,Rx,1,8,06,A0,26,A0,7F,FF,05,7F,
246773870,0000019C,false,Rx,1,8,06,A0,26,9F,7F,FE,0A,7F,
246783934,0000019C,false,Rx,1,8,06,A0,26,9F,7F,FE,0B,7F,
246813466,0000019C,false,Rx,1,8,06,A0,26,9F,7F,FE,0E,7F,
246824893,0000019C,false,Rx,1,8,06,A0,26,9F,7F,FF,0F,7F,
246833917,0000019C,false,Rx,1,8,06,A0,26,A0,7F,FE,00,7F,
246873877,0000019C,false,Rx,1,8,06,A0,26,9F,7F,FF,04,7F,
246894029,0000019C,false,Rx,1,8,06,A0,26,9F,7F,FE,06,7F,
246924892,0000019C,false,Rx,1,8,06,A0,26,A0,7F,FF,09,7F,
246933917,0000019C,false,Rx,1,8,06,A0,26,A0,7F,FE,0A,7F,
246953980,0000019C,false,Rx,1,8,06,A0,26,A0,7F,FF,0C,7F,
246994040,0000019C,false,Rx,1,8,06,A0,26,A0,7F,FE,00,7F,
247004030,0000019C,false,Rx,1,8,06,A0,26,9F,7F,FF,01,7F,
247024891,0000019C,false,Rx,1,8,06,A0,26,A0,7F,FE,03,7F,
247033923,0000019C,false,Rx,1,8,06,A0,26,A0,7F,FE,04,7F,
247053880,0000019C,false,Rx,1,8,06,A0,26,9F,7F,FF,06,7F,
247064008,0000019C,false,Rx,1,8,06,A0,26,A0,7F,FE,07,7F,
247073876,0000019C,false,Rx,1,8,06,A0,26,9F,7F,FE,08,7F,
247124918,0000019C,false,Rx,1,8,06,A0,26,A0,7F,FF,0D,7F,
247133950,0000019C,false,Rx,1,8,06,A0,26,A0,7F,FE,0E,7F,
247173492,0000019C,false,Rx,1,8,06,A0,26,9F,7F,FF,02,7F,
247183954,0000019C,false,Rx,1,8,06,A0,26,9F,7F,FE,03,7F,
247213489,0000019C,false,Rx,1,8,06,A0,26,A0,7F,FF,06,7F,
247224921,0000019C,false,Rx,1,8,06,A0,26,A0,7F,FF,07,7F,
247233516,0000019C,false,Rx,1,8,06,A0,26,A0,7F,FF,08,7F,
247265032,0000019C,false,Rx,1,8,06,A0,26,9F,7F,FF,0B,7F,
247273553,0000019C,false,Rx,1,8,06,A0,26,9F,7F,FF,0C,7F,
247324925,0000019C,false,Rx,1,8,06,A0,26,9F,7F,FF,01,7F,
247345160,0000019C,false,Rx,1,8,06,A0,26,9F,7F,FE,03,7F,
247353988,0000019C,false,Rx,1,8,06,A0,26,A0,7F,FF,04,7F,
247363995,0000019C,false,Rx,1,8,06,A0,26,A0,7F,FE,05,7F,
247393541,0000019C,false,Rx,1,8,06,A0,26,A0,7F,FE,08,7F,
247404149,0000019C,false,Rx,1,8,06,A0,26,A0,7F,FF,09,7F,
247424936,0000019C,false,Rx,1,8,06,A0,26,A0,7F,FF,0B,7F,
247433573,0000019C,false,Rx,1,8,06,A0,26,A0,7F,FE,0C,7F,
247453946,0000019C,false,Rx,1,8,06,A0,26,9F,7F,FE,0E,7F,
247504065,0000019C,false,Rx,1,8,06,A0,26,9F,7F,FE,03,7F,
247513902,0000019C,false,Rx,1,8,06,A0,26,9F,7F,FF,04,7F,
247524931,0000019C,false,Rx,1,8,06,A0,26,9F,7F,FF,05,7F,
247573580,0000019C,false,Rx,1,8,06,A0,26,9F,7F,FE,0A,7F,
247624940,0000019C,false,Rx,1,8,06,A0,26,A0,7F,FF,0F,7F,
247673912,0000019C,false,Rx,1,8,06,A0,26,A0,7F,FE,04,7F,
247773569,0000019C,false,Rx,1,8,06,A0,26,9F,7F,FE,0E,7F,
247804160,0000019C,false,Rx,1,8,06,A0,26,9F,7F,FF,01,7F,
247813540,0000019C,false,Rx,1,8,06,A0,26,9F,7F,FF,02,7F,
247824929,0000019C,false,Rx,1,8,06,A0,26,9F,7F,FE,03,7F,
247833570,0000019C,false,Rx,1,8,06,A0,26,A0,7F,FF,04,7F,
247873573,0000019C,false,Rx,1,8,06,A0,26,9F,7F,FF,08,7F,
247884024,0000019C,false,Rx,1,8,06,A0,26,9F,7F,FF,09,7F,
247904101,0000019C,false,Rx,1,8,06,A0,26,9F,7F,FF,0B,7F,
247913525,0000019C,false,Rx,1,8,06,A0,26,9F,7F,FE,0C,7F,
247924924,0000019C,false,Rx,1,8,06,A0,26,A0,7F,FF,0D,7F,
247965082,0000019C,false,Rx,1,8,06,A0,26,9F,7F,FE,01,7F,
247973930,0000019C,false,Rx,1,8,06,A0,26,9F,7F,FF,02,7F,
247984049,0000019C,false,Rx,1,8,06,A0,26,9F,7F,FE,03,7F,
248013542,0000019C,false,Rx,1,8,06,A0,26,9F,7F,FE,06,7F,
248024933,0000019C,false,Rx,1,8,06,A0,26,9F,7F,FF,07,7F,
248034019,0000019C,false,Rx,1,8,06,A0,26,A0,7F,FF,08,7F,
248104121,0000019C,false,Rx,1,8,06,A0,26,A0,7F,FF,0F,7F,
248113546,0000019C,false,Rx,1,8,06,A0,26,A0,7F,FE,00,7F,
248124945,0000019C,false,Rx,1,8,06,A0,26,9F,7F,FF,01,7F,
248145307,0000019C,false,Rx,1,8,06,A0,26,9F,7F,FE,03,7F,
248164103,0000019C,false,Rx,1,8,06,A0,26,9F,7F,FF,05,7F,
248173565,0000019C,false,Rx,1,8,06,A0,26,A0,7F,FE,06,7F,
248213928,0000019C,false,Rx,1,8,06,A0,26,A0,7F,FE,0A,7F,
248224949,0000019C,false,Rx,1,8,06,A0,26,A0,7F,FE,0B,7F,
248234052,0000019C,false,Rx,1,8,06,A0,26,A0,7F,FF,0C,7F,
248245260,0000019C,false,Rx,1,8,06,A0,26,A0,7F,FE,0D,7F,
248264085,0000019C,false,Rx,1,8,06,A0,26,A0,7F,FF,0F,7F,
248273596,0000019C,false,Rx,1,8,06,A0,26,A0,7F,FE,00,7F,
248324940,0000019C,false,Rx,1,8,06,A0,26,9F,7F,FE,05,7F,
248334062,0000019C,false,Rx,1,8,06,A0,26,9F,7F,FF,06,7F,
248364095,0000019C,false,Rx,1,8,06,A0,26,A0,7F,FF,09,7F,
248373588,0000019C,false,Rx,1,8,06,A0,26,A0,7F,FE,0A,7F,
248424955,0000019C,false,Rx,1,8,06,A0,26,9F,7F,FE,0F,7F,
248433585,0000019C,false,Rx,1,8,06,A0,26,9F,7F,FF,00,7F,
248445121,0000019C,false,Rx,1,8,06,A0,26,9F,7F,FE,01,7F,
248464071,0000019C,false,Rx,1,8,06,A0,26,9F,7F,FE,03,7F,
248473577,0000019C,false,Rx,1,8,06,A0,26,9F,7F,FE,04,7F,
248513566,0000019C,false,Rx,1,8,06,A0,26,9F,7F,FE,08,7F,
248524945,0000019C,false,Rx,1,8,06,A0,26,9F,7F,FF,09,7F,
248533598,0000019C,false,Rx,1,8,06,A0,26,A0,7F,FE,0A,7F,
248573965,0000019C,false,Rx,1,8,06,A0,26,A0,7F,FF,0E,7F,
248613595,0000019C,false,Rx,1,8,06,A0,26,A0,7F,FF,02,7F,
248633606,0000019C,false,Rx,1,8,06,A0,26,A0,7F,FF,04,7F,
248673580,0000019C,false,Rx,1,8,06,A0,26,A0,7F,FE,08,7F,
248695708,0000019C,false,Rx,1,8,06,A0,26,A0,7F,FE,0A,7F,
248704168,0000019C,false,Rx,1,8,06,A0,26,A0,7F,FF,0B,7F,
248725210,0000019C,false,Rx,1,8,06,A0,26,A0,7F,FF,0D,7F,
248813596,0000019C,false,Rx,1,8,06,A0,26,A0,7F,FE,06,7F,
248824952,0000019C,false,Rx,1,8,06,A0,26,A0,7F,FF,07,7F,
248833585,0000019C,false,Rx,1,8,06,A0,26,A0,7F,FF,08,7F,
248865124,0000019C,false,Rx,1,8,06,A0,26,9F,7F,FE,0B,7F,
248884116,0000019C,false,Rx,1,8,06,A0,26,9F,7F,FF,0D,7F,
248913602,0000019C,false,Rx,1,8,06,A0,26,A0,7F,FF,00,7F,
248924967,0000019C,false,Rx,1,8,06,A0,26,A0,7F,FF,01,7F,
248934119,0000019C,false,Rx,1,8,06,A0,26,A0,7F,FE,02,7F,
248973580,0000019C,false,Rx,1,8,06,A0,26,A0,7F,FF,06,7F,
248984119,0000019C,false,Rx,1,8,06,A0,26,A0,7F,FF,07,7F,
248995695,0000019C,false,Rx,1,8,06,A0,26,A0,7F,FF,08,7F,
249033613,0000019C,false,Rx,1,8,06,A0,26,A0,7F,FF,0C,7F,
249045400,0000019C,false,Rx,1,8,06,A0,26,9F,7F,FF,0D,7F,
249073608,0000019C,false,Rx,1,8,06,A0,26,9F,7F,FE,00,7F,
249084139,0000019C,false,Rx,1,8,06,A0,26,9F,7F,FF,01,7F,
249095705,0000019C,false,Rx,1,8,06,A0,26,9F,7F,FF,02,7F,
249104147,0000019C,false,Rx,1,8,06,A0,26,9F,7F,FE,03,7F,
249134137,0000019C,false,Rx,1,8,06,A0,26,9F,7F,FF,06,7F,
249154089,0000019C,false,Rx,1,8,06,A0,26,9F,7F,FF,08,7F,
249173968,0000019C,false,Rx,1,8,06,A0,26,9F,7F,FE,0A,7F,
249213674,0000019C,false,Rx,1,8,06,A0,26,9F,7F,FE,0E,7F,
249225219,0000019C,false,Rx,1,8,06,A0,26,A0,7F,FF,0F,7F,
249234147,0000019C,false,Rx,1,8,06,A0,26,9F,7F,FE,00,7F,
249313962,0000019C,false,Rx,1,8,06,A0,26,9F,7F,FE,08,7F,
249325229,0000019C,false,Rx,1,8,06,A0,26,9F,7F,FF,09,7F,
249334146,0000019C,false,Rx,1,8,06,A0,26,A0,7F,FE,0A,7F,
249354107,0000019C,false,Rx,1,8,06,A0,26,A0,7F,FF,0C,7F,
249384185,0000019C,false,Rx,1,8,06,A0,26,9F,7F,FE,0F,7F,
249413993,0000019C,false,Rx,1,8,06,A0,26,A0,7F,FE,02,7F,
249434146,0000019C,false,Rx,1,8,06,A0,26,A0,7F,FE,04,7F,
249445363,0000019C,false,Rx,1,8,06,A0,26,A0,7F,FF,05,7F,
249464135,0000019C,false,Rx,1,8,06,A0,26,A0,7F,FE,07,7F,
249484165,0000019C,false,Rx,1,8,06,A0,26,9F,7F,FE,09,7F,
249525221,0000019C,false,Rx,1,8,06,A0,26,A0,7F,FE,0D,7F,
249534220,0000019C,false,Rx,1,8,06,A0,26,9F,7F,FE,0E,7F,
249554090,0000019C,false,Rx,1,8,06,A0,26,9F,7F,FF,00,7F,
249573895,0000019C,false,Rx,1,8,06,A0,26,9F,7F,FE,02,7F,
249604240,0000019C,false,Rx,1,8,06,A0,26,A0,7F,FE,05,7F,
249625214,0000019C,false,Rx,1,8,06,A0,26,9F,7F,FE,07,7F,
249634068,0000019C,false,Rx,1,8,06,A0,26,9F,7F,FF,08,7F,
249654117,0000019C,false,Rx,1,8,06,A0,26,9F,7F,FF,0A,7F,
249725075,0000019C,false,Rx,1,8,06,A0,26,9F,7F,FE,01,7F,
249825179,0000019C,false,Rx,1,8,06,A0,26,A0,7F,FE,0B,7F,
249834145,0000019C,false,Rx,1,8,06,A0,26,A0,7F,FF,0C,7F,
249873904,0000019C,false,Rx,1,8,06,A0,26,9F,7F,FE,00,7F,
249885435,0000019C,false,Rx,1,8,06,A0,26,A0,7F,FF,01,7F,
249913912,0000019C,false,Rx,1,8,06,A0,26,A0,7F,FE,04,7F,
249934150,0000019C,false,Rx,1,8,06,A0,26,A0,7F,FF,06,7F,
249995696,0000019C,false,Rx,1,8,06,A0,26,A0,7F,FF,0C,7F,
250034415,0000019C,false,Rx,1,8,06,A0,26,A0,7F,FF,00,7F,
250064225,0000019C,false,Rx,1,8,06,A0,26,A0,7F,FE,03,7F,
250074271,0000019C,false,Rx,1,8,06,A0,26,9F,7F,FE,04,7F,
250085184,0000019C,false,Rx,1,8,06,A0,26,A0,7F,FF,05,7F,
250125220,0000019C,false,Rx,1,8,06,A0,26,A0,7F,FF,09,7F,
250134399,0000019C,false,Rx,1,8,06,A0,26,A0,7F,FF,0A,7F,
250155741,0000019C,false,Rx,1,8,06,A0,26,A0,7F,FE,0C,7F,
250173929,0000019C,false,Rx,1,8,06,A0,26,A0,7F,FE,0E,7F,
250185445,0000019C,false,Rx,1,8,06,A0,26,A0,7F,FE,0F,7F,
250195970,0000019C,false,Rx,1,8,06,A0,26,A0,7F,FF,00,7F,
250234416,0000019C,false,Rx,1,8,06,A0,26,A0,7F,FF,04,7F,
250245360,0000019C,false,Rx,1,8,06,A0,26,A0,7F,FE,05,7F,
250255819,0000019C,false,Rx,1,8,06,A0,26,9F,7F,FE,06,7F,
250334409,0000019C,false,Rx,1,8,06,A0,26,A0,7F,FF,0E,7F,
250355818,0000019C,false,Rx,1,8,06,A0,26,A0,7F,FF,00,7F,
250385432,0000019C,false,Rx,1,8,06,A0,26,A0,7F,FF,03,7F,
250434419,0000019C,false,Rx,1,8,06,A0,26,9F,7F,FF,08,7F,
250505515,0000019C,false,Rx,1,8,06,A0,26,9F,7F,FE,0F,7F,
250534417,0000019C,false,Rx,1,8,06,A0,26,A0,7F,FE,02,7F,
250555898,0000019C,false,Rx,1,8,06,A0,26,A0,7F,FF,04,7F,
250595954,0000019C,false,Rx,1,8,06,A0,26,A0,7F,FF,08,7F,
250634409,0000019C,false,Rx,1,8,06,A0,26,A0,7F,FE,0C,7F,
250655802,0000019C,false,Rx,1,8,06,A0,26,A0,7F,FF,0E,7F,
250705512,0000019C,false,Rx,1,8,06,A0,26,9F,7F,FE,03,7F,
250725237,0000019C,false,Rx,1,8,06,A0,26,9F,7F,FF,05,7F,
250734411,0000019C,false,Rx,1,8,06,A0,26,9F,7F,FE,06,7F,
250745592,0000019C,false,Rx,1,8,06,A0,26,9F,7F,FE,07,7F,
250755884,0000019C,false,Rx,1,8,06,A0,26,A0,7F,FF,08,7F,
250834437,0000019C,false,Rx,1,8,06,A0,26,9F,7F,FF,00,7F,
250855828,0000019C,false,Rx,1,8,06,A0,26,9F,7F,FE,02,7F,
250865513,0000019C,false,Rx,1,8,06,A0,26,9F,7F,FE,03,7F,
250895956,0000019C,false,Rx,1,8,06,A0,26,9F,7F,FF,06,7F,
250934420,0000019C,false,Rx,1,8,06,A0,26,9F,7F,FF,0A,7F,
250955911,0000019C,false,Rx,1,8,06,A0,26,9F,7F,FF,0C,7F,
250965499,0000019C,false,Rx,1,8,06,A0,26,9F,7F,FE,0D,7F,
251013761,0000019C,false,Rx,1,8,06,A0,26,9F,7F,FF,02,7F,
251034434,0000019C,false,Rx,1,8,06,A0,26,9F,7F,FF,04,7F,
251085463,0000019C,false,Rx,1,8,06,A0,26,9F,7F,FE,09,7F,
251114096,0000019C,false,Rx,1,8,06,A0,26,9F,7F,FF,0C,7F,
251125486,0000019C,false,Rx,1,8,06,A0,26,9F,7F,FF,0D,7F,
251134189,0000019C,false,Rx,1,8,06,A0,26,9F,7F,FF,0E,7F,
251165514,0000019C,false,Rx,1,8,06,A0,26,A0,7F,FE,01,7F,
251194286,0000019C,false,Rx,1,8,06,A0,26,A0,7F,FE,04,7F,
251205546,0000019C,false,Rx,1,8,06,A0,26,9F,7F,FF,05,7F,
251225487,0000019C,false,Rx,1,8,06,A0,26,9F,7F,FF,07,7F,
251234186,0000019C,false,Rx,1,8,06,A0,26,9F,7F,FE,08,7F,
251325497,0000019C,false,Rx,1,8,06,A0,26,A0,7F,FF,01,7F,
251334207,0000019C,false,Rx,1,8,06,A0,26,9F,7F,FF,02,7F,
251364351,0000019C,false,Rx,1,8,06,A0,26,A0,7F,FF,05,7F,
251396179,0000019C,false,Rx,1,8,06,A0,26,9F,7F,FE,08,7F,
251425500,0000019C,false,Rx,1,8,06,A0,26,9F,7F,FF,0B,7F,
251434203,0000019C,false,Rx,1,8,06,A0,26,9F,7F,FF,0C,7F,
251484298,0000019C,false,Rx,1,8,06,A0,26,A0,7F,FF,01,7F,
251496213,0000019C,false,Rx,1,8,06,A0,26,A0,7F,FE,02,7F,
251513770,0000019C,false,Rx,1,8,06,A0,26,A0,7F,FE,04,7F,
251525494,0000019C,false,Rx,1,8,06,A0,26,A0,7F,FF,05,7F,
251534190,0000019C,false,Rx,1,8,06,A0,26,A0,7F,FE,06,7F,
251564342,0000019C,false,Rx,1,8,06,A0,26,A0,7F,FE,09,7F,
251574122,0000019C,false,Rx,1,8,06,A0,26,A0,7F,FF,0A,7F,
251594302,0000019C,false,Rx,1,8,06,A0,26,A0,7F,FF,0C,7F,
251604372,0000019C,false,Rx,1,8,06,A0,26,A0,7F,FF,0D,7F,
251625505,0000019C,false,Rx,1,8,06,A0,26,9F,7F,FF,0F,7F,
251634214,0000019C,false,Rx,1,8,06,A0,26,A0,7F,FE,00,7F,
251645852,0000019C,false,Rx,1,8,06,A0,26,A0,7F,FF,01,7F,
251734196,0000019C,false,Rx,1,8,06,A0,26,9F,7F,FF,0A,7F,
251784328,0000019C,false,Rx,1,8,06,A0,26,9F,7F,FE,0F,7F,
251804350,0000019C,false,Rx,1,8,06,A0,26,A0,7F,FF,01,7F,
251834214,0000019C,false,Rx,1,8,06,A0,26,9F,7F,FE,04,7F,
251854277,0000019C,false,Rx,1,8,06,A0,26,9F,7F,FE,06,7F,
251914142,0000019C,false,Rx,1,8,06,A0,26,A0,7F,FF,0C,7F,
251925738,0000019C,false,Rx,1,8,06,A0,26,9F,7F,FE,0D,7F,
251934207,0000019C,false,Rx,1,8,06,A0,26,9F,7F,FE,0E,7F,
251974156,0000019C,false,Rx,1,8,06,A0,26,A0,7F,FF,02,7F,
251984301,0000019C,false,Rx,1,8,06,A0,26,A0,7F,FE,03,7F,
251996232,0000019C,false,Rx,1,8,06,A0,26,A0,7F,FF,04,7F,
252033812,0000019C,false,Rx,1,8,06,A0,26,A0,7F,FF,08,7F,
252085731,0000019C,false,Rx,1,8,06,A0,26,9F,7F,FE,0D,7F,
252104402,0000019C,false,Rx,1,8,06,A0,26,A0,7F,FF,0F,7F,
252124295,0000019C,false,Rx,1,8,06,A0,26,A0,7F,FF,01,7F,
252134224,0000019C,false,Rx,1,8,06,A0,26,9F,7F,FE,02,7F,
252224285,0000019C,false,Rx,1,8,06,A0,26,A0,7F,FF,0B,7F,
252234221,0000019C,false,Rx,1,8,06,A0,26,A0,7F,FF,0C,7F,
252274182,0000019C,false,Rx,1,8,06,A0,26,9F,7F,FE,00,7F,
252284378,0000019C,false,Rx,1,8,06,A0,26,9F,7F,FE,01,7F,
252325280,0000019C,false,Rx,1,8,06,A0,26,9F,7F,FF,05,7F,
252334213,0000019C,false,Rx,1,8,06,A0,26,9F,7F,FE,06,7F,
252346079,0000019C,false,Rx,1,8,06,A0,26,9F,7F,FF,07,7F,
252384361,0000019C,false,Rx,1,8,06,A0,26,9F,7F,FF,0B,7F,
252424318,0000019C,false,Rx,1,8,06,A0,26,9F,7F,FF,0F,7F,
252434235,0000019C,false,Rx,1,8,06,A0,26,A0,7F,FE,00,7F,
252446097,0000019C,false,Rx,1,8,06,A0,26,A0,7F,FF,01,7F,
252464405,0000019C,false,Rx,1,8,06,A0,26,A0,7F,FF,03,7F,
252474200,0000019C,false,Rx,1,8,06,A0,26,9F,7F,FE,04,7F,
252484383,0000019C,false,Rx,1,8,06,A0,26,A0,7F,FE,05,7F,
252504385,0000019C,false,Rx,1,8,06,A0,26,A0,7F,FE,07,7F,
252513836,0000019C,false,Rx,1,8,06,A0,26,A0,7F,FE,08,7F,
252524302,0000019C,false,Rx,1,8,06,A0,26,A0,7F,FF,09,7F,
252534273,0000019C,false,Rx,1,8,06,A0,26,A0,7F,FE,0A,7F,
252554350,0000019C,false,Rx,1,8,06,A0,26,A0,7F,FF,0C,7F,
252613869,0000019C,false,Rx,1,8,06,A0,26,A0,7F,FF,02,7F,
252625329,0000019C,false,Rx,1,8,06,A0,26,A0,7F,FE,03,7F,
252634234,0000019C,false,Rx,1,8,06,A0,26,A0,7F,FF,04,7F,
252714208,0000019C,false,Rx,1,8,06,A0,26,A0,7F,FE,0C,7F,
252734260,0000019C,false,Rx,1,8,06,A0,26,A0,7F,FE,0E,7F,
252745631,0000019C,false,Rx,1,8,06,A0,26,A0,7F,FE,0F,7F,
252824311,0000019C,false,Rx,1,8,06,A0,26,9F,7F,FF,07,7F,
252834240,0000019C,false,Rx,1,8,06,A0,26,9F,7F,FF,08,7F,
252914225,0000019C,false,Rx,1,8,06,A0,26,A0,7F,FE,00,7F,
252924358,0000019C,false,Rx,1,8,06,A0,26,A0,7F,FF,01,7F,
252934299,0000019C,false,Rx,1,8,06,A0,26,A0,7F,FE,02,7F,
252954363,0000019C,false,Rx,1,8,06,A0,26,A0,7F,FE,04,7F,
252964390,0000019C,false,Rx,1,8,06,A0,26,A0,7F,FF,05,7F,
252974196,0000019C,false,Rx,1,8,06,A0,26,9F,7F,FF,06,7F,
253004457,0000019C,false,Rx,1,8,06,A0,26,9F,7F,FF,09,7F,
253034252,0000019C,false,Rx,1,8,06,A0,26,A0,7F,FE,0C,7F,
253054341,0000019C,false,Rx,1,8,06,A0,26,A0,7F,FF,0E,7F,
253064430,0000019C,false,Rx,1,8,06,A0,26,A0,7F,FE,0F,7F,
253114282,0000019C,false,Rx,1,8,06,A0,26,A0,7F,FF,04,7F,
253124319,0000019C,false,Rx,1,8,06,A0,26,A0,7F,FF,05,7F,
253134266,0000019C,false,Rx,1,8,06,A0,26,A0,7F,FE,06,7F,
253154335,0000019C,false,Rx,1,8,06,A0,26,A0,7F,FF,08,7F,
253184414,0000019C,false,Rx,1,8,06,A0,26,A0,7F,FF,0B,7F,
253214219,0000019C,false,Rx,1,8,06,A0,26,9F,7F,FE,0E,7F,
253224356,0000019C,false,Rx,1,8,06,A0,26,9F,7F,FF,0F,7F,
253234289,0000019C,false,Rx,1,8,06,A0,26,9F,7F,FE,00,7F,
253264432,0000019C,false,Rx,1,8,06,A0,26,9F,7F,FE,03,7F,
253314230,0000019C,false,Rx,1,8,06,A0,26,9F,7F,FF,08,7F,
253334280,0000019C,false,Rx,1,8,06,A0,26,9F,7F,FF,0A,7F,
253364462,0000019C,false,Rx,1,8,06,A0,26,A0,7F,FE,0D,7F,
253424322,0000019C,false,Rx,1,8,06,A0,26,A0,7F,FE,03,7F,
253434327,0000019C,false,Rx,1,8,06,A0,26,A0,7F,FF,04,7F,
253454360,0000019C,false,Rx,1,8,06,A0,26,A0,7F,FE,06,7F,
253464444,0000019C,false,Rx,1,8,06,A0,26,A0,7F,FF,07,7F,
253484380,0000019C,false,Rx,1,8,06,A0,26,A0,7F,FE,09,7F,
253504420,0000019C,false,Rx,1,8,06,A0,26,9F,7F,FF,0B,7F,
253524390,0000019C,false,Rx,1,8,06,A0,26,9F,7F,FE,0D,7F,
253534297,0000019C,false,Rx,1,8,06,A0,26,9F,7F,FF,0E,7F,
253554404,0000019C,false,Rx,1,8,06,A0,26,A0,7F,FE,00,7F,
253584437,0000019C,false,Rx,1,8,06,A0,26,A0,7F,FF,03,7F,
253604424,0000019C,false,Rx,1,8,06,A0,26,9F,7F,FE,05,7F,
253624363,0000019C,false,Rx,1,8,06,A0,26,9F,7F,FE,07,7F,
253634336,0000019C,false,Rx,1,8,06,A0,26,9F,7F,FF,08,7F,
253645686,0000019C,false,Rx,1,8,06,A0,26,9F,7F,FF,09,7F,
253724384,0000019C,false,Rx,1,8,06,A0,26,9F,7F,FE,01,7F,
253734324,0000019C,false,Rx,1,8,06,A0,26,9F,7F,FF,02,7F,
253804441,0000019C,false,Rx,1,8,06,A0,26,A0,7F,FF,09,7F,
253824397,0000019C,false,Rx,1,8,06,A0,26,A0,7F,FF,0B,7F,
253834362,0000019C,false,Rx,1,8,06,A0,26,A0,7F,FF,0C,7F,
253884523,0000019C,false,Rx,1,8,06,A0,26,A0,7F,FE,01,7F,
253904470,0000019C,false,Rx,1,8,06,A0,26,A0,7F,FE,03,7F,
253913942,0000019C,false,Rx,1,8,06,A0,26,A0,7F,FF,04,7F,
253924387,0000019C,false,Rx,1,8,06,A0,26,A0,7F,FE,05,7F,
253934335,0000019C,false,Rx,1,8,06,A0,26,9F,7F,FF,06,7F,
253954414,0000019C,false,Rx,1,8,06,A0,26,A0,7F,FF,08,7F,
253994544,0000019C,false,Rx,1,8,06,A0,26,9F,7F,FF,0C,7F,
254004456,0000019C,false,Rx,1,8,06,A0,26,A0,7F,FF,0D,7F,
254024346,0000019C,false,Rx,1,8,06,A0,26,A0,7F,FF,0F,7F,
254034360,0000019C,false,Rx,1,8,06,A0,26,A0,7F,FF,00,7F,
254054369,0000019C,false,Rx,1,8,06,A0,26,9F,7F,FF,02,7F,
254104496,0000019C,false,Rx,1,8,06,A0,26,9F,7F,FE,07,7F,
254134349,0000019C,false,Rx,1,8,06,A0,26,9F,7F,FE,0A,7F,
254164475,0000019C,false,Rx,1,8,06,A0,26,9F,7F,FF,0D,7F,
254174310,0000019C,false,Rx,1,8,06,A0,26,9F,7F,FE,0E,7F,
254204473,0000019C,false,Rx,1,8,06,A0,26,A0,7F,FF,01,7F,
254224350,0000019C,false,Rx,1,8,06,A0,26,A0,7F,FF,03,7F,
254234365,0000019C,false,Rx,1,8,06,A0,26,A0,7F,FF,04,7F,
254284496,0000019C,false,Rx,1,8,06,A0,26,A0,7F,FE,09,7F,
254304491,0000019C,false,Rx,1,8,06,A0,26,A0,7F,FE,0B,7F,
254324369,0000019C,false,Rx,1,8,06,A0,26,9F,7F,FE,0D,7F,
254334387,0000019C,false,Rx,1,8,06,A0,26,9F,7F,FF,0E,7F,
254354456,0000019C,false,Rx,1,8,06,A0,26,9F,7F,FF,00,7F,
254364491,0000019C,false,Rx,1,8,06,A0,26,9F,7F,FE,01,7F,
254373987,0000019C,false,Rx,1,8,06,A0,26,9F,7F,FE,02,7F,
254404476,0000019C,false,Rx,1,8,06,A0,26,9F,7F,FE,05,7F,
254425438,0000019C,false,Rx,1,8,06,A0,26,9F,7F,FF,07,7F,
254434376,0000019C,false,Rx,1,8,06,A0,26,A0,7F,FE,08,7F,
254445727,0000019C,false,Rx,1,8,06,A0,26,9F,7F,FF,09,7F,
254504481,0000019C,false,Rx,1,8,06,A0,26,A0,7F,FE,0F,7F,
254514384,0000019C,false,Rx,1,8,06,A0,26,A0,7F,FF,00,7F,
254524403,0000019C,false,Rx,1,8,06,A0,26,A0,7F,FF,01,7F,
254564464,0000019C,false,Rx,1,8,06,A0,26,A0,7F,FE,05,7F,
254573990,0000019C,false,Rx,1,8,06,A0,26,A0,7F,FE,06,7F,
254604539,0000019C,false,Rx,1,8,06,A0,26,A0,7F,FE,09,7F,
254624421,0000019C,false,Rx,1,8,06,A0,26,A0,7F,FE,0B,7F,
254634404,0000019C,false,Rx,1,8,06,A0,26,A0,7F,FE,0C,7F,
254645724,0000019C,false,Rx,1,8,06,A0,26,A0,7F,FE,0D,7F,
254654411,0000019C,false,Rx,1,8,06,A0,26,A0,7F,FF,0E,7F,
254674349,0000019C,false,Rx,1,8,06,A0,26,A0,7F,FF,00,7F,
254704480,0000019C,false,Rx,1,8,06,A0,26,A0,7F,FF,03,7F,
254724437,0000019C,false,Rx,1,8,06,A0,26,A0,7F,FF,05,7F,
254734408,0000019C,false,Rx,1,8,06,A0,26,A0,7F,FF,06,7F,
254773003,0000019C,false,Rx,1,8,06,A0,26,A0,7F,FE,0A,7F,
254784566,0000019C,false,Rx,1,8,06,A0,26,A0,7F,FF,0B,7F,
254794558,0000019C,false,Rx,1,8,06,A0,26,A0,7F,FF,0C,7F,
254804520,0000019C,false,Rx,1,8,06,A0,26,9F,7F,FF,0D,7F,
254824441,0000019C,false,Rx,1,8,06,A0,26,9F,7F,FF,0F,7F,
254834018,0000019C,false,Rx,1,8,06,A0,26,A0,7F,FF,00,7F,
254884492,0000019C,false,Rx,1,8,06,A0,26,A0,7F,FE,05,7F,
254904538,0000019C,false,Rx,1,8,06,A0,26,A0,7F,FF,07,7F,
254924410,0000019C,false,Rx,1,8,06,A0,26,9F,7F,FF,09,7F,
254934435,0000019C,false,Rx,1,8,06,A0,26,A0,7F,FE,0A,7F,
254945523,0000019C,false,Rx,1,8,06,A0,26,A0,7F,FE,0B,7F,
254974020,0000019C,false,Rx,1,8,06,A0,26,9F,7F,FF,0E,7F,
254984552,0000019C,false,Rx,1,8,06,A0,26,9F,7F,FE,0F,7F,
